,0,1
0,"07/09/2021, 02:28:27",19.61623895263597
1,"07/09/2021, 02:38:27",21.62215209212779
2,"07/09/2021, 02:48:27",21.48604529397098
3,"07/09/2021, 02:58:27",21.349938495814172
4,"07/09/2021, 03:08:27",21.213831697657366
5,"07/09/2021, 03:18:27",21.077724899500556
6,"07/09/2021, 03:28:27",20.941618101343746
7,"07/09/2021, 03:38:27",22.947531240835566
8,"07/09/2021, 03:48:27",22.811424442678756
9,"07/09/2021, 03:58:27",22.675317644521947
10,"07/09/2021, 04:08:27",22.53921084636514
11,"07/09/2021, 04:18:27",22.40310404820833
12,"07/09/2021, 04:28:27",22.26699725005152
13,"07/09/2021, 04:38:27",24.27291038954334
14,"07/09/2021, 04:48:27",24.13680359138653
15,"07/09/2021, 04:58:27",24.00069679322972
16,"07/09/2021, 05:08:27",23.864589995072915
17,"07/09/2021, 05:18:27",23.728483196916105
18,"07/09/2021, 05:28:27",23.592376398759296
19,"07/09/2021, 05:38:27",25.59828953825112
20,"07/09/2021, 05:48:27",25.46218274009431
21,"07/09/2021, 05:58:27",25.3260759419375
22,"07/09/2021, 06:08:27",25.189969143780694
23,"07/09/2021, 06:18:27",25.053862345623884
24,"07/09/2021, 06:28:27",24.917755547467074
25,"07/09/2021, 06:38:27",26.923668686958894
26,"07/09/2021, 06:48:27",26.787561888802085
27,"07/09/2021, 06:58:27",26.651455090645275
28,"07/09/2021, 07:08:27",26.51534829248847
29,"07/09/2021, 07:18:27",26.37924149433166
30,"07/09/2021, 07:28:27",26.24313469617485
31,"07/09/2021, 07:38:27",28.24904783566667
32,"07/09/2021, 07:48:27",28.11294103750986
33,"07/09/2021, 07:58:27",27.97683423935305
34,"07/09/2021, 08:08:27",27.840727441196243
35,"07/09/2021, 08:18:27",27.704620643039434
36,"07/09/2021, 08:28:27",27.568513844882624
37,"07/09/2021, 08:38:27",29.574426984374448
38,"07/09/2021, 08:48:27",29.438320186217638
39,"07/09/2021, 08:58:27",29.302213388060828
40,"07/09/2021, 09:08:27",29.16610658990402
41,"07/09/2021, 09:18:27",29.029999791747212
42,"07/09/2021, 09:28:27",28.893892993590402
43,"07/09/2021, 09:38:27",30.899806133082222
44,"07/09/2021, 09:48:27",30.763699334925413
45,"07/09/2021, 09:58:27",30.627592536768603
46,"07/09/2021, 10:08:27",30.491485738611797
47,"07/09/2021, 10:18:27",30.355378940454987
48,"07/09/2021, 10:28:27",30.219272142298177
49,"07/09/2021, 10:38:27",32.22518528179
50,"07/09/2021, 10:48:27",32.08907848363319
51,"07/09/2021, 10:58:27",31.952971685476378
52,"07/09/2021, 11:08:27",31.81686488731957
53,"07/09/2021, 11:18:27",31.68075808916276
54,"07/09/2021, 11:28:27",31.544651291005952
55,"07/09/2021, 11:38:27",33.55056443049777
56,"07/09/2021, 11:48:27",33.41445763234096
57,"07/09/2021, 11:58:27",33.27835083418415
58,"07/09/2021, 12:08:27",33.14224403602734
59,"07/09/2021, 12:18:27",33.00613723787053
60,"07/09/2021, 12:28:27",32.87003043971373
61,"07/09/2021, 12:38:27",34.87594357920555
62,"07/09/2021, 12:48:27",34.73983678104874
63,"07/09/2021, 12:58:27",34.60372998289193
64,"07/09/2021, 13:08:27",34.46762318473512
65,"07/09/2021, 13:18:27",34.33151638657831
66,"07/09/2021, 13:28:27",34.1954095884215
67,"07/09/2021, 13:38:27",36.20132272791332
68,"07/09/2021, 13:48:27",36.06521592975651
69,"07/09/2021, 13:58:27",35.9291091315997
70,"07/09/2021, 14:08:27",35.79300233344289
71,"07/09/2021, 14:18:27",35.65689553528608
72,"07/09/2021, 14:28:27",35.52078873712927
73,"07/09/2021, 14:38:27",37.526701876621104
74,"07/09/2021, 14:48:27",37.390595078464294
75,"07/09/2021, 14:58:27",37.254488280307484
76,"07/09/2021, 15:08:27",37.118381482150674
77,"07/09/2021, 15:18:27",36.982274683993865
78,"07/09/2021, 15:28:27",36.846167885837055
79,"07/09/2021, 15:38:27",38.85208102532887
80,"07/09/2021, 15:48:27",38.71597422717206
81,"07/09/2021, 15:58:27",38.57986742901525
82,"07/09/2021, 16:08:27",38.44376063085844
83,"07/09/2021, 16:18:27",38.30765383270163
84,"07/09/2021, 16:28:27",38.17154703454482
85,"07/09/2021, 16:38:27",40.17746017403665
86,"07/09/2021, 16:48:27",40.041353375879844
87,"07/09/2021, 16:58:27",39.905246577723034
88,"07/09/2021, 17:08:27",39.769139779566224
89,"07/09/2021, 17:18:27",39.633032981409414
90,"07/09/2021, 17:28:27",39.496926183252604
91,"07/09/2021, 17:38:27",41.50283932274443
92,"07/09/2021, 17:48:27",41.36673252458762
93,"07/09/2021, 17:58:27",41.23062572643081
94,"07/09/2021, 18:08:27",41.094518928274
95,"07/09/2021, 18:18:27",40.95841213011719
96,"07/09/2021, 18:28:27",40.82230533196038
97,"07/09/2021, 18:38:27",13.56006257175362
98,"07/09/2021, 18:48:27",13.423955773596811
99,"07/09/2021, 18:58:27",13.287848975440003
100,"07/09/2021, 19:08:27",13.151742177283193
101,"07/09/2021, 19:18:27",13.015635379126383
102,"07/09/2021, 19:28:27",12.879528580969575
103,"07/09/2021, 19:38:27",14.885441720461397
104,"07/09/2021, 19:48:27",14.749334922304588
105,"07/09/2021, 19:58:27",14.61322812414778
106,"07/09/2021, 20:08:27",14.47712132599097
107,"07/09/2021, 20:18:27",14.34101452783416
108,"07/09/2021, 20:28:27",14.204907729677352
109,"07/09/2021, 20:38:27",16.210820869169172
110,"07/09/2021, 20:48:27",16.074714071012362
111,"07/09/2021, 20:58:27",15.938607272855554
112,"07/09/2021, 21:08:27",15.802500474698745
113,"07/09/2021, 21:18:27",15.666393676541935
114,"07/09/2021, 21:28:27",15.530286878385127
115,"07/09/2021, 21:38:27",17.536200017876947
116,"07/09/2021, 21:48:27",17.400093219720137
117,"07/09/2021, 21:58:27",17.263986421563327
118,"07/09/2021, 22:08:27",17.12787962340652
119,"07/09/2021, 22:18:27",16.99177282524971
120,"07/09/2021, 22:28:27",16.8556660270929
121,"07/09/2021, 22:38:27",18.861579166584725
122,"07/09/2021, 22:48:27",18.725472368427916
123,"07/09/2021, 22:58:27",18.589365570271106
124,"07/09/2021, 23:08:27",18.4532587721143
125,"07/09/2021, 23:18:27",18.31715197395749
126,"07/09/2021, 23:28:27",18.18104517580068
127,"07/09/2021, 23:38:27",20.1869583152925
128,"07/09/2021, 23:48:27",20.05085151713569
129,"07/09/2021, 23:58:27",19.91474471897888
130,"07/10/2021, 00:08:27",19.778637920822074
131,"07/10/2021, 00:18:27",19.642531122665265
132,"07/10/2021, 00:28:27",19.506424324508455
133,"07/10/2021, 00:38:27",21.512337464000275
134,"07/10/2021, 00:48:27",21.376230665843465
135,"07/10/2021, 00:58:27",21.240123867686656
136,"07/10/2021, 01:08:27",21.10401706952985
137,"07/10/2021, 01:18:27",20.96791027137304
138,"07/10/2021, 01:28:27",20.83180347321623
139,"07/10/2021, 01:38:27",22.83771661270805
140,"07/10/2021, 01:48:27",22.70160981455124
141,"07/10/2021, 01:58:27",22.56550301639443
142,"07/10/2021, 02:08:27",22.429396218237624
143,"07/10/2021, 02:18:27",22.293289420080814
144,"07/10/2021, 02:28:27",22.157182621924004
145,"07/10/2021, 02:38:27",24.163095761415825
146,"07/10/2021, 02:48:27",24.026988963259015
147,"07/10/2021, 02:58:27",23.890882165102205
148,"07/10/2021, 03:08:27",23.7547753669454
149,"07/10/2021, 03:18:27",23.61866856878859
150,"07/10/2021, 03:28:27",23.48256177063178
151,"07/10/2021, 03:38:27",25.4884749101236
152,"07/10/2021, 03:48:27",25.35236811196679
153,"07/10/2021, 03:58:27",25.21626131380998
154,"07/10/2021, 04:08:27",25.080154515653174
155,"07/10/2021, 04:18:27",24.944047717496364
156,"07/10/2021, 04:28:27",24.807940919339554
157,"07/10/2021, 04:38:27",26.813854058831378
158,"07/10/2021, 04:48:27",26.67774726067457
159,"07/10/2021, 04:58:27",26.54164046251776
160,"07/10/2021, 05:08:27",26.405533664360952
161,"07/10/2021, 05:18:27",26.269426866204142
162,"07/10/2021, 05:28:27",26.133320068047333
163,"07/10/2021, 05:38:27",28.139233207539156
164,"07/10/2021, 05:48:27",28.003126409382347
165,"07/10/2021, 05:58:27",27.867019611225537
166,"07/10/2021, 06:08:27",27.73091281306873
167,"07/10/2021, 06:18:27",27.59480601491192
168,"07/10/2021, 06:28:27",27.45869921675511
169,"07/10/2021, 06:38:27",29.46461235624693
170,"07/10/2021, 06:48:27",29.32850555809012
171,"07/10/2021, 06:58:27",29.19239875993331
172,"07/10/2021, 07:08:27",29.056291961776505
173,"07/10/2021, 07:18:27",28.920185163619696
174,"07/10/2021, 07:28:27",28.784078365462886
175,"07/10/2021, 07:38:27",30.789991504954706
176,"07/10/2021, 07:48:27",30.653884706797896
177,"07/10/2021, 07:58:27",30.517777908641087
178,"07/10/2021, 08:08:27",30.38167111048428
179,"07/10/2021, 08:18:27",30.24556431232747
180,"07/10/2021, 08:28:27",30.10945751417066
181,"07/10/2021, 08:38:27",32.11537065366248
182,"07/10/2021, 08:48:27",31.97926385550567
183,"07/10/2021, 08:58:27",31.84315705734886
184,"07/10/2021, 09:08:27",31.707050259192055
185,"07/10/2021, 09:18:27",31.570943461035245
186,"07/10/2021, 09:28:27",31.434836662878435
187,"07/10/2021, 09:38:27",33.440749802370256
188,"07/10/2021, 09:48:27",33.304643004213446
189,"07/10/2021, 09:58:27",33.168536206056636
190,"07/10/2021, 10:08:27",33.032429407899826
191,"07/10/2021, 10:18:27",32.896322609743024
192,"07/10/2021, 10:28:27",32.76021581158621
193,"07/10/2021, 10:38:27",34.76612895107803
194,"07/10/2021, 10:48:27",34.63002215292122
195,"07/10/2021, 10:58:27",34.49391535476441
196,"07/10/2021, 11:08:27",34.3578085566076
197,"07/10/2021, 11:18:27",34.22170175845079
198,"07/10/2021, 11:28:27",34.08559496029398
199,"07/10/2021, 11:38:27",36.091508099785806
200,"07/10/2021, 11:48:27",35.955401301628996
201,"07/10/2021, 11:58:27",35.819294503472186
202,"07/10/2021, 12:08:27",35.683187705315376
203,"07/10/2021, 12:18:27",35.547080907158566
204,"07/10/2021, 12:28:27",35.41097410900176
205,"07/10/2021, 12:38:27",37.41688724849358
206,"07/10/2021, 12:48:27",37.28078045033677
207,"07/10/2021, 12:58:27",37.14467365217996
208,"07/10/2021, 13:08:27",37.00856685402315
209,"07/10/2021, 13:18:27",36.87246005586634
210,"07/10/2021, 13:28:27",36.73635325770953
211,"07/10/2021, 13:38:27",38.74226639720136
212,"07/10/2021, 13:48:27",38.60615959904455
213,"07/10/2021, 13:58:27",38.47005280088774
214,"07/10/2021, 14:08:27",38.33394600273093
215,"07/10/2021, 14:18:27",38.19783920457412
216,"07/10/2021, 14:28:27",38.06173240641731
217,"07/10/2021, 14:38:27",40.06764554590914
218,"07/10/2021, 14:48:27",39.93153874775233
219,"07/10/2021, 14:58:27",39.79543194959552
220,"07/10/2021, 15:08:27",39.65932515143871
221,"07/10/2021, 15:18:27",39.5232183532819
222,"07/10/2021, 15:28:27",39.38711155512509
223,"07/10/2021, 15:38:27",41.39302469461691
224,"07/10/2021, 15:48:27",41.2569178964601
225,"07/10/2021, 15:58:27",41.12081109830329
226,"07/10/2021, 16:08:27",40.98470430014648
227,"07/10/2021, 16:18:27",40.84859750198967
228,"07/10/2021, 16:28:27",40.71249070383286
229,"07/10/2021, 16:38:27",42.71840384332469
230,"07/10/2021, 16:48:27",42.58229704516788
231,"07/10/2021, 16:58:27",42.44619024701107
232,"07/10/2021, 17:08:27",42.31008344885426
233,"07/10/2021, 17:18:27",42.17397665069745
234,"07/10/2021, 17:28:27",42.03786985254064
235,"07/10/2021, 17:38:27",44.04378299203246
236,"07/10/2021, 17:48:27",43.90767619387565
237,"07/10/2021, 17:58:27",43.77156939571884
238,"07/10/2021, 18:08:27",43.63546259756203
239,"07/10/2021, 18:18:27",43.49935579940522
240,"07/10/2021, 18:28:27",43.36324900124841
241,"07/10/2021, 18:38:27",16.101006241041656
242,"07/10/2021, 18:48:27",15.964899442884846
243,"07/10/2021, 18:58:27",15.828792644728038
244,"07/10/2021, 19:08:27",15.692685846571228
245,"07/10/2021, 19:18:27",15.556579048414418
246,"07/10/2021, 19:28:27",15.42047225025761
247,"07/10/2021, 19:38:27",17.42638538974943
248,"07/10/2021, 19:48:27",17.29027859159262
249,"07/10/2021, 19:58:27",17.15417179343581
250,"07/10/2021, 20:08:27",17.018064995279005
251,"07/10/2021, 20:18:27",16.881958197122195
252,"07/10/2021, 20:28:27",16.745851398965385
253,"07/10/2021, 20:38:27",18.75176453845721
254,"07/10/2021, 20:48:27",18.6156577403004
255,"07/10/2021, 20:58:27",18.47955094214359
256,"07/10/2021, 21:08:27",18.343444143986783
257,"07/10/2021, 21:18:27",18.207337345829973
258,"07/10/2021, 21:28:27",18.071230547673164
259,"07/10/2021, 21:38:27",20.077143687164984
260,"07/10/2021, 21:48:27",19.941036889008174
261,"07/10/2021, 21:58:27",19.804930090851364
262,"07/10/2021, 22:08:27",19.668823292694558
263,"07/10/2021, 22:18:27",19.53271649453775
264,"07/10/2021, 22:28:27",19.39660969638094
265,"07/10/2021, 22:38:27",21.40252283587276
266,"07/10/2021, 22:48:27",21.26641603771595
267,"07/10/2021, 22:58:27",21.13030923955914
268,"07/10/2021, 23:08:27",20.994202441402333
269,"07/10/2021, 23:18:27",20.858095643245523
270,"07/10/2021, 23:28:27",20.721988845088713
271,"07/10/2021, 23:38:27",22.727901984580534
272,"07/10/2021, 23:48:27",22.591795186423724
273,"07/10/2021, 23:58:27",22.455688388266914
274,"07/11/2021, 00:08:27",22.319581590110108
275,"07/11/2021, 00:18:27",22.183474791953298
276,"07/11/2021, 00:28:27",22.047367993796488
277,"07/11/2021, 00:38:27",24.05328113328831
278,"07/11/2021, 00:48:27",23.9171743351315
279,"07/11/2021, 00:58:27",23.78106753697469
280,"07/11/2021, 01:08:27",23.644960738817883
281,"07/11/2021, 01:18:27",23.508853940661073
282,"07/11/2021, 01:28:27",23.372747142504263
283,"07/11/2021, 01:38:27",25.378660281996087
284,"07/11/2021, 01:48:27",25.242553483839277
285,"07/11/2021, 01:58:27",25.106446685682467
286,"07/11/2021, 02:08:27",24.97033988752566
287,"07/11/2021, 02:18:27",24.83423308936885
288,"07/11/2021, 02:28:27",24.69812629121204
289,"07/11/2021, 02:38:27",26.70403943070386
290,"07/11/2021, 02:48:27",26.567932632547052
291,"07/11/2021, 02:58:27",26.431825834390242
292,"07/11/2021, 03:08:27",26.295719036233436
293,"07/11/2021, 03:18:27",26.159612238076626
294,"07/11/2021, 03:28:27",26.023505439919816
295,"07/11/2021, 03:38:27",28.029418579411637
296,"07/11/2021, 03:48:27",27.893311781254827
297,"07/11/2021, 03:58:27",27.757204983098017
298,"07/11/2021, 04:08:27",27.62109818494121
299,"07/11/2021, 04:18:27",27.4849913867844
300,"07/11/2021, 04:28:27",27.34888458862759
301,"07/11/2021, 04:38:27",29.354797728119415
302,"07/11/2021, 04:48:27",29.218690929962605
303,"07/11/2021, 04:58:27",29.082584131805795
304,"07/11/2021, 05:08:27",28.94647733364899
305,"07/11/2021, 05:18:27",28.81037053549218
306,"07/11/2021, 05:28:27",28.67426373733537
307,"07/11/2021, 05:38:27",30.68017687682719
308,"07/11/2021, 05:48:27",30.54407007867038
309,"07/11/2021, 05:58:27",30.40796328051357
310,"07/11/2021, 06:08:27",30.271856482356764
311,"07/11/2021, 06:18:27",30.135749684199954
312,"07/11/2021, 06:28:27",29.999642886043144
313,"07/11/2021, 06:38:27",32.005556025534965
314,"07/11/2021, 06:48:27",31.869449227378155
315,"07/11/2021, 06:58:27",31.733342429221345
316,"07/11/2021, 07:08:27",31.59723563106454
317,"07/11/2021, 07:18:27",31.46112883290773
318,"07/11/2021, 07:28:27",31.32502203475092
319,"07/11/2021, 07:38:27",33.33093517424274
320,"07/11/2021, 07:48:27",33.19482837608593
321,"07/11/2021, 07:58:27",33.05872157792912
322,"07/11/2021, 08:08:27",32.92261477977231
323,"07/11/2021, 08:18:27",32.7865079816155
324,"07/11/2021, 08:28:27",32.6504011834587
325,"07/11/2021, 08:38:27",34.65631432295052
326,"07/11/2021, 08:48:27",34.52020752479371
327,"07/11/2021, 08:58:27",34.3841007266369
328,"07/11/2021, 09:08:27",34.24799392848009
329,"07/11/2021, 09:18:27",34.11188713032328
330,"07/11/2021, 09:28:27",33.97578033216647
331,"07/11/2021, 09:38:27",35.98169347165829
332,"07/11/2021, 09:48:27",35.84558667350148
333,"07/11/2021, 09:58:27",35.70947987534467
334,"07/11/2021, 10:08:27",35.57337307718786
335,"07/11/2021, 10:18:27",35.43726627903105
336,"07/11/2021, 10:28:27",35.30115948087424
337,"07/11/2021, 10:38:27",37.30707262036607
338,"07/11/2021, 10:48:27",37.17096582220926
339,"07/11/2021, 10:58:27",37.03485902405245
340,"07/11/2021, 11:08:27",36.89875222589564
341,"07/11/2021, 11:18:27",36.76264542773883
342,"07/11/2021, 11:28:27",36.62653862958202
343,"07/11/2021, 11:38:27",38.63245176907384
344,"07/11/2021, 11:48:27",38.49634497091703
345,"07/11/2021, 11:58:27",38.36023817276022
346,"07/11/2021, 12:08:27",38.22413137460341
347,"07/11/2021, 12:18:27",38.0880245764466
348,"07/11/2021, 12:28:27",37.95191777828979
349,"07/11/2021, 12:38:27",39.95783091778162
350,"07/11/2021, 12:48:27",39.82172411962481
351,"07/11/2021, 12:58:27",39.685617321468
352,"07/11/2021, 13:08:27",39.54951052331119
353,"07/11/2021, 13:18:27",39.41340372515438
354,"07/11/2021, 13:28:27",39.27729692699757
355,"07/11/2021, 13:38:27",41.283210066489396
356,"07/11/2021, 13:48:27",41.147103268332586
357,"07/11/2021, 13:58:27",41.010996470175776
358,"07/11/2021, 14:08:27",40.874889672018966
359,"07/11/2021, 14:18:27",40.73878287386216
360,"07/11/2021, 14:28:27",40.60267607570535
361,"07/11/2021, 14:38:27",42.60858921519717
362,"07/11/2021, 14:48:27",42.47248241704036
363,"07/11/2021, 14:58:27",42.33637561888355
364,"07/11/2021, 15:08:27",42.20026882072674
365,"07/11/2021, 15:18:27",42.06416202256993
366,"07/11/2021, 15:28:27",41.92805522441312
367,"07/11/2021, 15:38:27",43.933968363904945
368,"07/11/2021, 15:48:27",43.797861565748136
369,"07/11/2021, 15:58:27",43.661754767591326
370,"07/11/2021, 16:08:27",43.525647969434516
371,"07/11/2021, 16:18:27",43.389541171277706
372,"07/11/2021, 16:28:27",43.253434373120896
373,"07/11/2021, 16:38:27",45.25934751261272
374,"07/11/2021, 16:48:27",45.12324071445591
375,"07/11/2021, 16:58:27",44.9871339162991
376,"07/11/2021, 17:08:27",44.85102711814229
377,"07/11/2021, 17:18:27",44.71492031998548
378,"07/11/2021, 17:28:27",44.57881352182867
379,"07/11/2021, 17:38:27",46.5847266613205
380,"07/11/2021, 17:48:27",46.44861986316369
381,"07/11/2021, 17:58:27",46.31251306500688
382,"07/11/2021, 18:08:27",46.17640626685007
383,"07/11/2021, 18:18:27",46.04029946869326
384,"07/11/2021, 18:28:27",45.90419267053645
385,"07/11/2021, 18:38:27",0.8553442253134451
386,"07/11/2021, 18:48:27",0.7192374271566359
387,"07/11/2021, 18:58:27",0.5831306289998266
388,"07/11/2021, 19:08:27",0.44702383084301733
389,"07/11/2021, 19:18:27",0.3109170326862081
390,"07/11/2021, 19:28:27",0.1748102345293988
391,"07/11/2021, 19:38:27",2.1807233740212206
392,"07/11/2021, 19:48:27",2.0446165758644117
393,"07/11/2021, 19:58:27",1.9085097777076023
394,"07/11/2021, 20:08:27",1.772402979550793
395,"07/11/2021, 20:18:27",1.6362961813939838
396,"07/11/2021, 20:28:27",1.5001893832371747
397,"07/11/2021, 20:38:27",3.5061025227289964
398,"07/11/2021, 20:48:27",3.3699957245721874
399,"07/11/2021, 20:58:27",3.233888926415378
400,"07/11/2021, 21:08:27",3.0977821282585687
401,"07/11/2021, 21:18:27",2.9616753301017598
402,"07/11/2021, 21:28:27",2.8255685319449504
403,"07/11/2021, 21:38:27",4.831481671436772
404,"07/11/2021, 21:48:27",4.695374873279963
405,"07/11/2021, 21:58:27",4.559268075123153
406,"07/11/2021, 22:08:27",4.423161276966344
407,"07/11/2021, 22:18:27",4.2870544788095355
408,"07/11/2021, 22:28:27",4.150947680652726
409,"07/11/2021, 22:38:27",6.156860820144548
410,"07/11/2021, 22:48:27",6.020754021987739
411,"07/11/2021, 22:58:27",5.88464722383093
412,"07/11/2021, 23:08:27",5.74854042567412
413,"07/11/2021, 23:18:27",5.612433627517311
414,"07/11/2021, 23:28:27",5.476326829360501
415,"07/11/2021, 23:38:27",7.482239968852324
416,"07/11/2021, 23:48:27",7.346133170695515
417,"07/11/2021, 23:58:27",7.210026372538705
418,"07/12/2021, 00:08:27",7.073919574381896
419,"07/12/2021, 00:18:27",6.937812776225087
420,"07/12/2021, 00:28:27",6.801705978068277
421,"07/12/2021, 00:38:27",8.8076191175601
422,"07/12/2021, 00:48:27",8.671512319403291
423,"07/12/2021, 00:58:27",8.535405521246481
424,"07/12/2021, 01:08:27",8.399298723089672
425,"07/12/2021, 01:18:27",8.263191924932862
426,"07/12/2021, 01:28:27",8.127085126776052
427,"07/12/2021, 01:38:27",10.132998266267876
428,"07/12/2021, 01:48:27",9.996891468111066
429,"07/12/2021, 01:58:27",9.860784669954258
430,"07/12/2021, 02:08:27",9.724677871797448
431,"07/12/2021, 02:18:27",9.588571073640638
432,"07/12/2021, 02:28:27",9.45246427548383
433,"07/12/2021, 02:38:27",11.45837741497565
434,"07/12/2021, 02:48:27",11.322270616818841
435,"07/12/2021, 02:58:27",11.186163818662033
436,"07/12/2021, 03:08:27",11.050057020505223
437,"07/12/2021, 03:18:27",10.913950222348413
438,"07/12/2021, 03:28:27",10.777843424191605
439,"07/12/2021, 03:38:27",12.783756563683426
440,"07/12/2021, 03:48:27",12.647649765526616
441,"07/12/2021, 03:58:27",12.511542967369808
442,"07/12/2021, 04:08:27",12.375436169212998
443,"07/12/2021, 04:18:27",12.239329371056188
444,"07/12/2021, 04:28:27",12.10322257289938
445,"07/12/2021, 04:38:27",14.109135712391202
446,"07/12/2021, 04:48:27",13.973028914234392
447,"07/12/2021, 04:58:27",13.836922116077584
448,"07/12/2021, 05:08:27",13.700815317920775
449,"07/12/2021, 05:18:27",13.564708519763965
450,"07/12/2021, 05:28:27",13.428601721607157
451,"07/12/2021, 05:38:27",15.434514861098979
452,"07/12/2021, 05:48:27",15.298408062942169
453,"07/12/2021, 05:58:27",15.162301264785361
454,"07/12/2021, 06:08:27",15.026194466628551
455,"07/12/2021, 06:18:27",14.890087668471741
456,"07/12/2021, 06:28:27",14.753980870314933
457,"07/12/2021, 06:38:27",16.759894009806754
458,"07/12/2021, 06:48:27",16.623787211649944
459,"07/12/2021, 06:58:27",16.487680413493138
460,"07/12/2021, 07:08:27",16.351573615336328
461,"07/12/2021, 07:18:27",16.215466817179518
462,"07/12/2021, 07:28:27",16.079360019022708
463,"07/12/2021, 07:38:27",18.08527315851453
464,"07/12/2021, 07:48:27",17.94916636035772
465,"07/12/2021, 07:58:27",17.81305956220091
466,"07/12/2021, 08:08:27",17.676952764044103
467,"07/12/2021, 08:18:27",17.540845965887293
468,"07/12/2021, 08:28:27",17.404739167730483
469,"07/12/2021, 08:38:27",19.410652307222307
470,"07/12/2021, 08:48:27",19.274545509065497
471,"07/12/2021, 08:58:27",19.138438710908687
472,"07/12/2021, 09:08:27",19.00233191275188
473,"07/12/2021, 09:18:27",18.86622511459507
474,"07/12/2021, 09:28:27",18.73011831643826
475,"07/12/2021, 09:38:27",20.736031455930082
476,"07/12/2021, 09:48:27",20.599924657773272
477,"07/12/2021, 09:58:27",20.463817859616462
478,"07/12/2021, 10:08:27",20.327711061459656
479,"07/12/2021, 10:18:27",20.191604263302846
480,"07/12/2021, 10:28:27",20.055497465146036
481,"07/12/2021, 10:38:27",22.061410604637857
482,"07/12/2021, 10:48:27",21.925303806481047
483,"07/12/2021, 10:58:27",21.789197008324237
484,"07/12/2021, 11:08:27",21.65309021016743
485,"07/12/2021, 11:18:27",21.51698341201062
486,"07/12/2021, 11:28:27",21.38087661385381
487,"07/12/2021, 11:38:27",23.38678975334563
488,"07/12/2021, 11:48:27",23.25068295518882
489,"07/12/2021, 11:58:27",23.114576157032012
490,"07/12/2021, 12:08:27",22.978469358875206
491,"07/12/2021, 12:18:27",22.842362560718396
492,"07/12/2021, 12:28:27",22.706255762561586
493,"07/12/2021, 12:38:27",24.712168902053406
494,"07/12/2021, 12:48:27",24.576062103896597
495,"07/12/2021, 12:58:27",24.439955305739787
496,"07/12/2021, 13:08:27",24.30384850758298
497,"07/12/2021, 13:18:27",24.16774170942617
498,"07/12/2021, 13:28:27",24.03163491126936
499,"07/12/2021, 13:38:27",26.037548050761185
500,"07/12/2021, 13:48:27",25.901441252604375
501,"07/12/2021, 13:58:27",25.765334454447565
502,"07/12/2021, 14:08:27",25.62922765629076
503,"07/12/2021, 14:18:27",25.49312085813395
504,"07/12/2021, 14:28:27",25.35701405997714
505,"07/12/2021, 14:38:27",27.36292719946896
506,"07/12/2021, 14:48:27",27.22682040131215
507,"07/12/2021, 14:58:27",27.09071360315534
508,"07/12/2021, 15:08:27",26.954606804998534
509,"07/12/2021, 15:18:27",26.818500006841724
510,"07/12/2021, 15:28:27",26.682393208684914
511,"07/12/2021, 15:38:27",28.688306348176734
512,"07/12/2021, 15:48:27",28.552199550019925
513,"07/12/2021, 15:58:27",28.416092751863115
514,"07/12/2021, 16:08:27",28.27998595370631
515,"07/12/2021, 16:18:27",28.1438791555495
516,"07/12/2021, 16:28:27",28.00777235739269
517,"07/12/2021, 16:38:27",30.013685496884513
518,"07/12/2021, 16:48:27",29.877578698727703
519,"07/12/2021, 16:58:27",29.741471900570893
520,"07/12/2021, 17:08:27",29.605365102414087
521,"07/12/2021, 17:18:27",29.469258304257277
522,"07/12/2021, 17:28:27",29.333151506100467
523,"07/12/2021, 17:38:27",31.339064645592288
524,"07/12/2021, 17:48:27",31.202957847435478
525,"07/12/2021, 17:58:27",31.066851049278668
526,"07/12/2021, 18:08:27",30.93074425112186
527,"07/12/2021, 18:18:27",30.794637452965052
528,"07/12/2021, 18:28:27",30.658530654808242
529,"07/12/2021, 18:38:27",3.39628789460148
530,"07/12/2021, 18:48:27",3.260181096444671
531,"07/12/2021, 18:58:27",3.1240742982878618
532,"07/12/2021, 19:08:27",2.9879675001310524
533,"07/12/2021, 19:18:27",2.8518607019742435
534,"07/12/2021, 19:28:27",2.715753903817434
535,"07/12/2021, 19:38:27",4.721667043309256
536,"07/12/2021, 19:48:27",4.585560245152447
537,"07/12/2021, 19:58:27",4.449453446995637
538,"07/12/2021, 20:08:27",4.313346648838828
539,"07/12/2021, 20:18:27",4.177239850682019
540,"07/12/2021, 20:28:27",4.041133052525209
541,"07/12/2021, 20:38:27",6.0470461920170315
542,"07/12/2021, 20:48:27",5.910939393860223
543,"07/12/2021, 20:58:27",5.774832595703414
544,"07/12/2021, 21:08:27",5.638725797546604
545,"07/12/2021, 21:18:27",5.502618999389795
546,"07/12/2021, 21:28:27",5.366512201232985
547,"07/12/2021, 21:38:27",7.372425340724807
548,"07/12/2021, 21:48:27",7.236318542567998
549,"07/12/2021, 21:58:27",7.1002117444111885
550,"07/12/2021, 22:08:27",6.96410494625438
551,"07/12/2021, 22:18:27",6.827998148097571
552,"07/12/2021, 22:28:27",6.691891349940761
553,"07/12/2021, 22:38:27",8.697804489432583
554,"07/12/2021, 22:48:27",8.561697691275775
555,"07/12/2021, 22:58:27",8.425590893118965
556,"07/12/2021, 23:08:27",8.289484094962155
557,"07/12/2021, 23:18:27",8.153377296805346
558,"07/12/2021, 23:28:27",8.017270498648536
559,"07/12/2021, 23:38:27",10.02318363814036
560,"07/12/2021, 23:48:27",9.88707683998355
561,"07/12/2021, 23:58:27",9.750970041826742
562,"07/13/2021, 00:08:27",9.614863243669932
563,"07/13/2021, 00:18:27",9.478756445513122
564,"07/13/2021, 00:28:27",9.342649647356314
565,"07/13/2021, 00:38:27",11.348562786848134
566,"07/13/2021, 00:48:27",11.212455988691325
567,"07/13/2021, 00:58:27",11.076349190534517
568,"07/13/2021, 01:08:27",10.940242392377707
569,"07/13/2021, 01:18:27",10.804135594220897
570,"07/13/2021, 01:28:27",10.668028796064089
571,"07/13/2021, 01:38:27",12.673941935555911
572,"07/13/2021, 01:48:27",12.537835137399101
573,"07/13/2021, 01:58:27",12.401728339242293
574,"07/13/2021, 02:08:27",12.265621541085483
575,"07/13/2021, 02:18:27",12.129514742928674
576,"07/13/2021, 02:28:27",11.993407944771866
577,"07/13/2021, 02:38:27",13.999321084263686
578,"07/13/2021, 02:48:27",13.863214286106876
579,"07/13/2021, 02:58:27",13.727107487950068
580,"07/13/2021, 03:08:27",13.591000689793258
581,"07/13/2021, 03:18:27",13.454893891636448
582,"07/13/2021, 03:28:27",13.31878709347964
583,"07/13/2021, 03:38:27",15.32470023297146
584,"07/13/2021, 03:48:27",15.188593434814651
585,"07/13/2021, 03:58:27",15.052486636657843
586,"07/13/2021, 04:08:27",14.916379838501033
587,"07/13/2021, 04:18:27",14.780273040344223
588,"07/13/2021, 04:28:27",14.644166242187415
589,"07/13/2021, 04:38:27",16.650079381679237
590,"07/13/2021, 04:48:27",16.513972583522428
591,"07/13/2021, 04:58:27",16.37786578536562
592,"07/13/2021, 05:08:27",16.24175898720881
593,"07/13/2021, 05:18:27",16.105652189052
594,"07/13/2021, 05:28:27",15.969545390895192
595,"07/13/2021, 05:38:27",17.975458530387016
596,"07/13/2021, 05:48:27",17.839351732230206
597,"07/13/2021, 05:58:27",17.703244934073396
598,"07/13/2021, 06:08:27",17.56713813591659
599,"07/13/2021, 06:18:27",17.43103133775978
600,"07/13/2021, 06:28:27",17.29492453960297
601,"07/13/2021, 06:38:27",19.30083767909479
602,"07/13/2021, 06:48:27",19.16473088093798
603,"07/13/2021, 06:58:27",19.02862408278117
604,"07/13/2021, 07:08:27",18.892517284624365
605,"07/13/2021, 07:18:27",18.756410486467555
606,"07/13/2021, 07:28:27",18.620303688310745
607,"07/13/2021, 07:38:27",20.626216827802565
608,"07/13/2021, 07:48:27",20.490110029645756
609,"07/13/2021, 07:58:27",20.354003231488946
610,"07/13/2021, 08:08:27",20.21789643333214
611,"07/13/2021, 08:18:27",20.08178963517533
612,"07/13/2021, 08:28:27",19.94568283701852
613,"07/13/2021, 08:38:27",21.95159597651034
614,"07/13/2021, 08:48:27",21.81548917835353
615,"07/13/2021, 08:58:27",21.67938238019672
616,"07/13/2021, 09:08:27",21.543275582039914
617,"07/13/2021, 09:18:27",21.407168783883105
618,"07/13/2021, 09:28:27",21.271061985726295
619,"07/13/2021, 09:38:27",23.276975125218115
620,"07/13/2021, 09:48:27",23.140868327061305
621,"07/13/2021, 09:58:27",23.004761528904496
622,"07/13/2021, 10:08:27",22.86865473074769
623,"07/13/2021, 10:18:27",22.73254793259088
624,"07/13/2021, 10:28:27",22.59644113443407
625,"07/13/2021, 10:38:27",24.60235427392589
626,"07/13/2021, 10:48:27",24.46624747576908
627,"07/13/2021, 10:58:27",24.33014067761227
628,"07/13/2021, 11:08:27",24.194033879455464
629,"07/13/2021, 11:18:27",24.057927081298654
630,"07/13/2021, 11:28:27",23.921820283141844
631,"07/13/2021, 11:38:27",25.927733422633665
632,"07/13/2021, 11:48:27",25.791626624476855
633,"07/13/2021, 11:58:27",25.655519826320045
634,"07/13/2021, 12:08:27",25.51941302816324
635,"07/13/2021, 12:18:27",25.38330623000643
636,"07/13/2021, 12:28:27",25.24719943184962
637,"07/13/2021, 12:38:27",27.25311257134144
638,"07/13/2021, 12:48:27",27.11700577318463
639,"07/13/2021, 12:58:27",26.98089897502782
640,"07/13/2021, 13:08:27",26.844792176871014
641,"07/13/2021, 13:18:27",26.708685378714204
642,"07/13/2021, 13:28:27",26.572578580557394
643,"07/13/2021, 13:38:27",28.57849172004922
644,"07/13/2021, 13:48:27",28.442384921892412
645,"07/13/2021, 13:58:27",28.306278123735602
646,"07/13/2021, 14:08:27",28.170171325578796
647,"07/13/2021, 14:18:27",28.034064527421986
648,"07/13/2021, 14:28:27",27.897957729265176
649,"07/13/2021, 14:38:27",29.903870868756997
650,"07/13/2021, 14:48:27",29.767764070600187
651,"07/13/2021, 14:58:27",29.631657272443377
652,"07/13/2021, 15:08:27",29.49555047428657
653,"07/13/2021, 15:18:27",29.35944367612976
654,"07/13/2021, 15:28:27",29.22333687797295
655,"07/13/2021, 15:38:27",31.22925001746477
656,"07/13/2021, 15:48:27",31.09314321930796
657,"07/13/2021, 15:58:27",30.95703642115115
658,"07/13/2021, 16:08:27",30.820929622994345
659,"07/13/2021, 16:18:27",30.684822824837536
660,"07/13/2021, 16:28:27",30.548716026680726
661,"07/13/2021, 16:38:27",32.554629166172546
662,"07/13/2021, 16:48:27",32.418522368015736
663,"07/13/2021, 16:58:27",32.28241556985893
664,"07/13/2021, 17:08:27",32.146308771702124
665,"07/13/2021, 17:18:27",32.01020197354531
666,"07/13/2021, 17:28:27",31.8740951753885
667,"07/13/2021, 17:38:27",33.88000831488032
668,"07/13/2021, 17:48:27",33.74390151672351
669,"07/13/2021, 17:58:27",33.6077947185667
670,"07/13/2021, 18:08:27",33.47168792040989
671,"07/13/2021, 18:18:27",33.33558112225308
672,"07/13/2021, 18:28:27",33.19947432409627
673,"07/13/2021, 18:38:27",5.937231563889515
674,"07/13/2021, 18:48:27",5.801124765732706
675,"07/13/2021, 18:58:27",5.665017967575897
676,"07/13/2021, 19:08:27",5.528911169419088
677,"07/13/2021, 19:18:27",5.392804371262279
678,"07/13/2021, 19:28:27",5.256697573105469
679,"07/13/2021, 19:38:27",7.262610712597291
680,"07/13/2021, 19:48:27",7.126503914440482
681,"07/13/2021, 19:58:27",6.990397116283672
682,"07/13/2021, 20:08:27",6.854290318126863
683,"07/13/2021, 20:18:27",6.718183519970054
684,"07/13/2021, 20:28:27",6.5820767218132445
685,"07/13/2021, 20:38:27",8.587989861305067
686,"07/13/2021, 20:48:27",8.451883063148259
687,"07/13/2021, 20:58:27",8.315776264991449
688,"07/13/2021, 21:08:27",8.179669466834639
689,"07/13/2021, 21:18:27",8.04356266867783
690,"07/13/2021, 21:28:27",7.90745587052102
691,"07/13/2021, 21:38:27",9.913369010012843
692,"07/13/2021, 21:48:27",9.777262211856034
693,"07/13/2021, 21:58:27",9.641155413699225
694,"07/13/2021, 22:08:27",9.505048615542416
695,"07/13/2021, 22:18:27",9.368941817385606
696,"07/13/2021, 22:28:27",9.232835019228798
697,"07/13/2021, 22:38:27",11.238748158720618
698,"07/13/2021, 22:48:27",11.102641360563808
699,"07/13/2021, 22:58:27",10.966534562407
700,"07/13/2021, 23:08:27",10.83042776425019
701,"07/13/2021, 23:18:27",10.69432096609338
702,"07/13/2021, 23:28:27",10.558214167936573
703,"07/13/2021, 23:38:27",12.564127307428393
704,"07/13/2021, 23:48:27",12.428020509271583
705,"07/13/2021, 23:58:27",12.291913711114775
706,"07/14/2021, 00:08:27",12.155806912957965
707,"07/14/2021, 00:18:27",12.019700114801156
708,"07/14/2021, 00:28:27",11.883593316644347
709,"07/14/2021, 00:38:27",13.88950645613617
710,"07/14/2021, 00:48:27",13.75339965797936
711,"07/14/2021, 00:58:27",13.617292859822552
712,"07/14/2021, 01:08:27",13.481186061665742
713,"07/14/2021, 01:18:27",13.345079263508932
714,"07/14/2021, 01:28:27",13.208972465352124
715,"07/14/2021, 01:38:27",15.214885604843946
716,"07/14/2021, 01:48:27",15.078778806687136
717,"07/14/2021, 01:58:27",14.942672008530328
718,"07/14/2021, 02:08:27",14.806565210373519
719,"07/14/2021, 02:18:27",14.670458412216709
720,"07/14/2021, 02:28:27",14.5343516140599
721,"07/14/2021, 02:38:27",16.54026475355172
722,"07/14/2021, 02:48:27",16.40415795539491
723,"07/14/2021, 02:58:27",16.268051157238105
724,"07/14/2021, 03:08:27",16.131944359081295
725,"07/14/2021, 03:18:27",15.995837560924484
726,"07/14/2021, 03:28:27",15.859730762767676
727,"07/14/2021, 03:38:27",17.865643902259496
728,"07/14/2021, 03:48:27",17.729537104102686
729,"07/14/2021, 03:58:27",17.593430305945876
730,"07/14/2021, 04:08:27",17.45732350778907
731,"07/14/2021, 04:18:27",17.32121670963226
732,"07/14/2021, 04:28:27",17.18510991147545
733,"07/14/2021, 04:38:27",19.191023050967274
734,"07/14/2021, 04:48:27",19.054916252810465
735,"07/14/2021, 04:58:27",18.918809454653655
736,"07/14/2021, 05:08:27",18.78270265649685
737,"07/14/2021, 05:18:27",18.64659585834004
738,"07/14/2021, 05:28:27",18.51048906018323
739,"07/14/2021, 05:38:27",20.51640219967505
740,"07/14/2021, 05:48:27",20.38029540151824
741,"07/14/2021, 05:58:27",20.24418860336143
742,"07/14/2021, 06:08:27",20.108081805204623
743,"07/14/2021, 06:18:27",19.971975007047813
744,"07/14/2021, 06:28:27",19.835868208891004
745,"07/14/2021, 06:38:27",21.841781348382824
746,"07/14/2021, 06:48:27",21.705674550226014
747,"07/14/2021, 06:58:27",21.569567752069204
748,"07/14/2021, 07:08:27",21.433460953912398
749,"07/14/2021, 07:18:27",21.29735415575559
750,"07/14/2021, 07:28:27",21.16124735759878
751,"07/14/2021, 07:38:27",23.1671604970906
752,"07/14/2021, 07:48:27",23.03105369893379
753,"07/14/2021, 07:58:27",22.89494690077698
754,"07/14/2021, 08:08:27",22.758840102620173
755,"07/14/2021, 08:18:27",22.622733304463363
756,"07/14/2021, 08:28:27",22.486626506306553
757,"07/14/2021, 08:38:27",24.492539645798377
758,"07/14/2021, 08:48:27",24.356432847641567
759,"07/14/2021, 08:58:27",24.220326049484758
760,"07/14/2021, 09:08:27",24.08421925132795
761,"07/14/2021, 09:18:27",23.94811245317114
762,"07/14/2021, 09:28:27",23.81200565501433
763,"07/14/2021, 09:38:27",25.817918794506152
764,"07/14/2021, 09:48:27",25.681811996349342
765,"07/14/2021, 09:58:27",25.545705198192532
766,"07/14/2021, 10:08:27",25.409598400035726
767,"07/14/2021, 10:18:27",25.273491601878916
768,"07/14/2021, 10:28:27",25.137384803722107
769,"07/14/2021, 10:38:27",27.143297943213927
770,"07/14/2021, 10:48:27",27.007191145057117
771,"07/14/2021, 10:58:27",26.871084346900307
772,"07/14/2021, 11:08:27",26.7349775487435
773,"07/14/2021, 11:18:27",26.59887075058669
774,"07/14/2021, 11:28:27",26.46276395242988
775,"07/14/2021, 11:38:27",28.468677091921702
776,"07/14/2021, 11:48:27",28.332570293764892
777,"07/14/2021, 11:58:27",28.196463495608082
778,"07/14/2021, 12:08:27",28.060356697451276
779,"07/14/2021, 12:18:27",27.924249899294466
780,"07/14/2021, 12:28:27",27.788143101137656
781,"07/14/2021, 12:38:27",29.794056240629477
782,"07/14/2021, 12:48:27",29.657949442472667
783,"07/14/2021, 12:58:27",29.521842644315857
784,"07/14/2021, 13:08:27",29.38573584615905
785,"07/14/2021, 13:18:27",29.24962904800224
786,"07/14/2021, 13:28:27",29.11352224984543
787,"07/14/2021, 13:38:27",31.119435389337255
788,"07/14/2021, 13:48:27",30.983328591180445
789,"07/14/2021, 13:58:27",30.847221793023635
790,"07/14/2021, 14:08:27",30.71111499486683
791,"07/14/2021, 14:18:27",30.57500819671002
792,"07/14/2021, 14:28:27",30.43890139855321
793,"07/14/2021, 14:38:27",32.44481453804503
794,"07/14/2021, 14:48:27",32.30870773988822
795,"07/14/2021, 14:58:27",32.17260094173141
796,"07/14/2021, 15:08:27",32.0364941435746
797,"07/14/2021, 15:18:27",31.900387345417794
798,"07/14/2021, 15:28:27",31.764280547260984
799,"07/14/2021, 15:38:27",33.770193686752805
800,"07/14/2021, 15:48:27",33.634086888595995
801,"07/14/2021, 15:58:27",33.497980090439185
802,"07/14/2021, 16:08:27",33.361873292282375
803,"07/14/2021, 16:18:27",33.225766494125565
804,"07/14/2021, 16:28:27",33.089659695968756
805,"07/14/2021, 16:38:27",35.09557283546059
806,"07/14/2021, 16:48:27",34.95946603730378
807,"07/14/2021, 16:58:27",34.82335923914697
808,"07/14/2021, 17:08:27",34.68725244099016
809,"07/14/2021, 17:18:27",34.55114564283335
810,"07/14/2021, 17:28:27",34.41503884467654
811,"07/14/2021, 17:38:27",36.420951984168354
812,"07/14/2021, 17:48:27",36.284845186011545
813,"07/14/2021, 17:58:27",36.148738387854735
814,"07/14/2021, 18:08:27",36.012631589697925
815,"07/14/2021, 18:18:27",35.876524791541115
816,"07/14/2021, 18:28:27",35.740417993384305
817,"07/14/2021, 18:38:27",8.47817523317755
818,"07/14/2021, 18:48:27",8.342068435020742
819,"07/14/2021, 18:58:27",8.205961636863933
820,"07/14/2021, 19:08:27",8.069854838707123
821,"07/14/2021, 19:18:27",7.933748040550314
822,"07/14/2021, 19:28:27",7.797641242393504
823,"07/14/2021, 19:38:27",9.803554381885327
824,"07/14/2021, 19:48:27",9.667447583728517
825,"07/14/2021, 19:58:27",9.53134078557171
826,"07/14/2021, 20:08:27",9.3952339874149
827,"07/14/2021, 20:18:27",9.25912718925809
828,"07/14/2021, 20:28:27",9.123020391101281
829,"07/14/2021, 20:38:27",11.128933530593102
830,"07/14/2021, 20:48:27",10.992826732436292
831,"07/14/2021, 20:58:27",10.856719934279484
832,"07/14/2021, 21:08:27",10.720613136122674
833,"07/14/2021, 21:18:27",10.584506337965864
834,"07/14/2021, 21:28:27",10.448399539809056
835,"07/14/2021, 21:38:27",12.454312679300877
836,"07/14/2021, 21:48:27",12.318205881144067
837,"07/14/2021, 21:58:27",12.182099082987259
838,"07/14/2021, 22:08:27",12.045992284830449
839,"07/14/2021, 22:18:27",11.90988548667364
840,"07/14/2021, 22:28:27",11.773778688516831
841,"07/14/2021, 22:38:27",13.779691828008653
842,"07/14/2021, 22:48:27",13.643585029851844
843,"07/14/2021, 22:58:27",13.507478231695035
844,"07/14/2021, 23:08:27",13.371371433538226
845,"07/14/2021, 23:18:27",13.235264635381416
846,"07/14/2021, 23:28:27",13.099157837224608
847,"07/14/2021, 23:38:27",15.10507097671643
848,"07/14/2021, 23:48:27",14.96896417855962
849,"07/14/2021, 23:58:27",14.832857380402812
850,"07/15/2021, 00:08:27",14.696750582246002
851,"07/15/2021, 00:18:27",14.560643784089192
852,"07/15/2021, 00:28:27",14.424536985932384
853,"07/15/2021, 00:38:27",16.430450125424205
854,"07/15/2021, 00:48:27",16.294343327267395
855,"07/15/2021, 00:58:27",16.15823652911059
856,"07/15/2021, 01:08:27",16.02212973095378
857,"07/15/2021, 01:18:27",15.886022932796967
858,"07/15/2021, 01:28:27",15.74991613464016
859,"07/15/2021, 01:38:27",17.755829274131983
860,"07/15/2021, 01:48:27",17.619722475975173
861,"07/15/2021, 01:58:27",17.483615677818364
862,"07/15/2021, 02:08:27",17.347508879661557
863,"07/15/2021, 02:18:27",17.211402081504747
864,"07/15/2021, 02:28:27",17.075295283347938
865,"07/15/2021, 02:38:27",19.081208422839758
866,"07/15/2021, 02:48:27",18.94510162468295
867,"07/15/2021, 02:58:27",18.80899482652614
868,"07/15/2021, 03:08:27",18.672888028369332
869,"07/15/2021, 03:18:27",18.536781230212522
870,"07/15/2021, 03:28:27",18.400674432055713
871,"07/15/2021, 03:38:27",20.406587571547533
872,"07/15/2021, 03:48:27",20.270480773390723
873,"07/15/2021, 03:58:27",20.134373975233913
874,"07/15/2021, 04:08:27",19.998267177077107
875,"07/15/2021, 04:18:27",19.862160378920297
876,"07/15/2021, 04:28:27",19.726053580763487
877,"07/15/2021, 04:38:27",21.731966720255308
878,"07/15/2021, 04:48:27",21.595859922098498
879,"07/15/2021, 04:58:27",21.459753123941688
880,"07/15/2021, 05:08:27",21.323646325784882
881,"07/15/2021, 05:18:27",21.187539527628072
882,"07/15/2021, 05:28:27",21.051432729471262
883,"07/15/2021, 05:38:27",23.057345868963083
884,"07/15/2021, 05:48:27",22.921239070806273
885,"07/15/2021, 05:58:27",22.785132272649463
886,"07/15/2021, 06:08:27",22.649025474492657
887,"07/15/2021, 06:18:27",22.512918676335847
888,"07/15/2021, 06:28:27",22.376811878179037
889,"07/15/2021, 06:38:27",24.382725017670857
890,"07/15/2021, 06:48:27",24.246618219514048
891,"07/15/2021, 06:58:27",24.110511421357238
892,"07/15/2021, 07:08:27",23.97440462320043
893,"07/15/2021, 07:18:27",23.83829782504362
894,"07/15/2021, 07:28:27",23.702191026886812
895,"07/15/2021, 07:38:27",25.708104166378632
896,"07/15/2021, 07:48:27",25.571997368221822
897,"07/15/2021, 07:58:27",25.435890570065013
898,"07/15/2021, 08:08:27",25.299783771908206
899,"07/15/2021, 08:18:27",25.163676973751397
900,"07/15/2021, 08:28:27",25.027570175594587
901,"07/15/2021, 08:38:27",27.033483315086414
902,"07/15/2021, 08:48:27",26.897376516929604
903,"07/15/2021, 08:58:27",26.761269718772795
904,"07/15/2021, 09:08:27",26.62516292061599
905,"07/15/2021, 09:18:27",26.48905612245918
906,"07/15/2021, 09:28:27",26.35294932430237
907,"07/15/2021, 09:38:27",28.35886246379419
908,"07/15/2021, 09:48:27",28.22275566563738
909,"07/15/2021, 09:58:27",28.08664886748057
910,"07/15/2021, 10:08:27",27.950542069323763
911,"07/15/2021, 10:18:27",27.814435271166953
912,"07/15/2021, 10:28:27",27.678328473010144
913,"07/15/2021, 10:38:27",29.684241612501964
914,"07/15/2021, 10:48:27",29.548134814345154
915,"07/15/2021, 10:58:27",29.412028016188344
916,"07/15/2021, 11:08:27",29.275921218031538
917,"07/15/2021, 11:18:27",29.139814419874728
918,"07/15/2021, 11:28:27",29.00370762171792
919,"07/15/2021, 11:38:27",31.00962076120974
920,"07/15/2021, 11:48:27",30.87351396305293
921,"07/15/2021, 11:58:27",30.73740716489612
922,"07/15/2021, 12:08:27",30.601300366739313
923,"07/15/2021, 12:18:27",30.465193568582503
924,"07/15/2021, 12:28:27",30.329086770425693
925,"07/15/2021, 12:38:27",32.334999909917514
926,"07/15/2021, 12:48:27",32.198893111760704
927,"07/15/2021, 12:58:27",32.062786313603894
928,"07/15/2021, 13:08:27",31.926679515447088
929,"07/15/2021, 13:18:27",31.790572717290278
930,"07/15/2021, 13:28:27",31.654465919133468
931,"07/15/2021, 13:38:27",33.66037905862529
932,"07/15/2021, 13:48:27",33.52427226046848
933,"07/15/2021, 13:58:27",33.38816546231167
934,"07/15/2021, 14:08:27",33.25205866415486
935,"07/15/2021, 14:18:27",33.11595186599805
936,"07/15/2021, 14:28:27",32.97984506784124
937,"07/15/2021, 14:38:27",34.98575820733306
938,"07/15/2021, 14:48:27",34.84965140917625
939,"07/15/2021, 14:58:27",34.713544611019444
940,"07/15/2021, 15:08:27",34.577437812862634
941,"07/15/2021, 15:18:27",34.441331014705824
942,"07/15/2021, 15:28:27",34.305224216549014
943,"07/15/2021, 15:38:27",36.31113735604084
944,"07/15/2021, 15:48:27",36.17503055788403
945,"07/15/2021, 15:58:27",36.03892375972722
946,"07/15/2021, 16:08:27",35.90281696157041
947,"07/15/2021, 16:18:27",35.7667101634136
948,"07/15/2021, 16:28:27",35.63060336525679
949,"07/15/2021, 16:38:27",37.63651650474862
950,"07/15/2021, 16:48:27",37.50040970659181
951,"07/15/2021, 16:58:27",37.364302908435
952,"07/15/2021, 17:08:27",37.22819611027819
953,"07/15/2021, 17:18:27",37.09208931212138
954,"07/15/2021, 17:28:27",36.95598251396457
955,"07/15/2021, 17:38:27",38.961895653456395
956,"07/15/2021, 17:48:27",38.825788855299585
957,"07/15/2021, 17:58:27",38.689682057142775
958,"07/15/2021, 18:08:27",38.553575258985965
959,"07/15/2021, 18:18:27",38.417468460829156
960,"07/15/2021, 18:28:27",38.281361662672346
961,"07/15/2021, 18:38:27",11.019118902465586
962,"07/15/2021, 18:48:27",10.883012104308776
963,"07/15/2021, 18:58:27",10.746905306151968
964,"07/15/2021, 19:08:27",10.610798507995158
965,"07/15/2021, 19:18:27",10.474691709838348
966,"07/15/2021, 19:28:27",10.33858491168154
967,"07/15/2021, 19:38:27",12.34449805117336
968,"07/15/2021, 19:48:27",12.20839125301655
969,"07/15/2021, 19:58:27",12.072284454859743
970,"07/15/2021, 20:08:27",11.936177656702933
971,"07/15/2021, 20:18:27",11.800070858546123
972,"07/15/2021, 20:28:27",11.663964060389315
973,"07/15/2021, 20:38:27",13.669877199881137
974,"07/15/2021, 20:48:27",13.533770401724327
975,"07/15/2021, 20:58:27",13.39766360356752
976,"07/15/2021, 21:08:27",13.26155680541071
977,"07/15/2021, 21:18:27",13.1254500072539
978,"07/15/2021, 21:28:27",12.989343209097092
979,"07/15/2021, 21:38:27",14.995256348588914
980,"07/15/2021, 21:48:27",14.859149550432104
981,"07/15/2021, 21:58:27",14.723042752275296
982,"07/15/2021, 22:08:27",14.586935954118486
983,"07/15/2021, 22:18:27",14.450829155961676
984,"07/15/2021, 22:28:27",14.314722357804868
985,"07/15/2021, 22:38:27",16.32063549729669
986,"07/15/2021, 22:48:27",16.18452869913988
987,"07/15/2021, 22:58:27",16.048421900983072
988,"07/15/2021, 23:08:27",15.91231510282626
989,"07/15/2021, 23:18:27",15.776208304669451
990,"07/15/2021, 23:28:27",15.640101506512643
991,"07/15/2021, 23:38:27",17.646014646004463
992,"07/15/2021, 23:48:27",17.509907847847654
993,"07/15/2021, 23:58:27",17.373801049690844
994,"07/16/2021, 00:08:27",17.237694251534037
995,"07/16/2021, 00:18:27",17.101587453377228
996,"07/16/2021, 00:28:27",16.965480655220418
997,"07/16/2021, 00:38:27",18.97139379471224
998,"07/16/2021, 00:48:27",18.835286996555432
999,"07/16/2021, 00:58:27",18.699180198398622
