Day,Hour,Minute,Memory
5,17,3,31.77589586328157
5,17,2,36.56973368932697
5,17,1,46.285270006033194
5,17,0,35.18527705432305
5,16,59,76.98787273141518
5,16,58,80.90458100953828
5,16,57,83.69814681345122
5,16,56,75.09249673508
5,16,55,85.27194236121528
5,16,54,73.09838135044868
5,16,53,78.12911663009753
5,16,52,77.94001724605951
5,16,51,77.53198889310835
5,16,50,70.16037901183005
5,16,49,78.97155654296726
5,16,48,84.09151091837066
5,16,47,84.0934562426658
5,16,46,85.69759154637471
5,16,45,85.18919387881868
5,16,44,81.14317685190609
5,16,43,77.89026987452011
5,16,42,74.66994730445776
5,16,41,72.66265454695207
5,16,40,74.11096357583342
5,16,39,76.34441571838963
5,16,38,84.62927110879264
5,16,37,71.67262297212294
5,16,36,79.36108341996078
5,16,35,72.90703694250284
5,16,34,71.30716721551123
5,16,33,77.70980680886468
5,16,32,72.62745806285751
5,16,31,74.76245686726624
5,16,30,81.78766553195385
5,16,29,77.47559592387032
5,16,28,80.9022480017218
5,16,27,72.86273434365337
5,16,26,77.1167161616314
5,16,25,82.24794506882576
5,16,24,80.78296382313417
5,16,23,80.31938315742723
5,16,22,80.73576510902193
5,16,21,83.14951395321489
5,16,20,74.25977897333748
5,16,19,80.77675483692101
5,16,18,85.95231533317474
5,16,17,83.51985242560214
5,16,16,82.55312385352724
5,16,15,73.8023176112026
5,16,14,83.86444317341017
5,16,13,85.00240585120936
5,16,12,78.17783925620428
5,16,11,80.60692630561638
5,16,10,84.25163025510808
5,16,9,74.71933149743607
5,16,8,77.34577273482832
5,16,7,73.38637181660792
5,16,6,71.3826683838532
5,16,5,85.50365797219392
5,16,4,71.04295968126844
5,16,3,83.2125863383378
5,16,2,80.74163437855293
5,16,1,81.33823614179055
5,16,0,72.3130932261197
5,15,59,72.0106379467473
5,15,58,78.43340131856031
5,15,57,73.67129053682584
5,15,56,71.50186725794728
5,15,55,79.53917749149446
5,15,54,75.23521718402928
5,15,53,75.56255982052151
5,15,52,82.80195599623644
5,15,51,84.93314409818386
5,15,50,83.60437673111501
5,15,49,83.47690851606434
5,15,48,77.63813952546617
5,15,47,81.86260526736758
5,15,46,81.10079604189833
5,15,45,81.52026587599539
5,15,44,82.51477659098987
5,15,43,74.98219963005823
5,15,42,81.49945424548086
5,15,41,80.80399632797916
5,15,40,79.06747221515691
5,15,39,78.21528895798289
5,15,38,72.40483354812555
5,15,37,72.19794632338535
5,15,36,76.97092577956023
5,15,35,81.7001224331744
5,15,34,79.98427016865764
5,15,33,75.63932290537511
5,15,32,78.35957792788224
5,15,31,80.28980754189679
5,15,30,81.4912576869198
5,15,29,74.50886077662739
5,15,28,79.4973571439768
5,15,27,79.71127761687501
5,15,26,80.71778759236506
5,15,25,84.67706246259081
5,15,24,81.01936559192531
5,15,23,71.457563282603
5,15,22,72.96304724106342
5,15,21,79.45276335733755
5,15,20,73.97615252422868
5,15,19,81.96415531695567
5,15,18,76.81422244238433
5,15,17,82.88067705879969
5,15,16,81.23829604722934
5,15,15,73.85436556330254
5,15,14,74.32473218680282
5,15,13,79.07932692274343
5,15,12,78.96039558550171
5,15,11,75.99058284919947
5,15,10,77.20538630231789
5,15,9,73.10924683091821
5,15,8,79.60066906267464
5,15,7,72.03632256444148
5,15,6,79.22566679073654
5,15,5,73.43450919074526
5,15,4,74.85929147779362
5,15,3,79.33181737373427
5,15,2,81.79383443217966
5,15,1,84.1267190696091
5,15,0,70.30014637045953
5,14,59,75.79756878751678
5,14,58,79.19943973071325
5,14,57,80.32073471513608
5,14,56,73.34607306209149
5,14,55,82.83179461447514
5,14,54,76.3916792180959
5,14,53,76.19590736770225
5,14,52,83.67784018749427
5,14,51,74.23149131037327
5,14,50,73.58612147807398
5,14,49,77.44873302150266
5,14,48,71.63976218177925
5,14,47,74.11825697173029
5,14,46,80.20866603289777
5,14,45,74.51366683384273
5,14,44,79.19678401961586
5,14,43,71.01982366931301
5,14,42,75.26892142296037
5,14,41,75.00434125350681
5,14,40,77.52125485997624
5,14,39,82.89197346316756
5,14,38,71.62128897705044
5,14,37,79.45353213480718
5,14,36,71.67833686072268
5,14,35,74.55688224673584
5,14,34,71.47078385673882
5,14,33,83.82536686083131
5,14,32,82.842005682959
5,14,31,74.9237594344658
5,14,30,83.43446829931622
5,14,29,72.70492761783618
5,14,28,75.50124361179897
5,14,27,77.36717405692708
5,14,26,76.90735945864886
5,14,25,79.88651004372366
5,14,24,79.05413359495023
5,14,23,72.74114791883474
5,14,22,81.5700857738166
5,14,21,72.45640073054462
5,14,20,76.95884308373556
5,14,19,70.28454234015896
5,14,18,81.24104943776932
5,14,17,80.04697184454491
5,14,16,81.22357804092884
5,14,15,72.50525170966945
5,14,14,73.57723166113026
5,14,13,77.84353047753832
5,14,12,81.7289710615429
5,14,11,70.68973203486385
5,14,10,80.84174511423187
5,14,9,70.71260335934842
5,14,8,78.41642512317573
5,14,7,81.93359595374476
5,14,6,72.73588283552726
5,14,5,71.93731569005007
5,14,4,79.8419992411877
5,14,3,76.48374589044195
5,14,2,71.56678311513181
5,14,1,82.99235859814942
5,14,0,73.5754978122579
5,13,59,73.43061878336754
5,13,58,72.84696671070564
5,13,57,79.4926298743251
5,13,56,80.96587643859097
5,13,55,70.03973573740844
5,13,54,70.62965953017384
5,13,53,72.89151439175392
5,13,52,73.20030267318823
5,13,51,81.43070920746331
5,13,50,75.26677141118722
5,13,49,73.14809998276962
5,13,48,77.57008778774079
5,13,47,70.50829129887357
5,13,46,72.84961580708426
5,13,45,74.81967973714181
5,13,44,74.01460223597735
5,13,43,76.08321575125082
5,13,42,72.7870664541305
5,13,41,78.56805676152541
5,13,40,82.85569690283337
5,13,39,70.4253315841294
5,13,38,73.05422327796556
5,13,37,76.06206785553569
5,13,36,74.22447013122482
5,13,35,75.56904303793388
5,13,34,75.61611871315479
5,13,33,72.70325254659575
5,13,32,71.66897018798132
5,13,31,74.64718448510969
5,13,30,82.53477159547353
5,13,29,74.69855602272752
5,13,28,79.24111823267665
5,13,27,74.48063298746182
5,13,26,72.7398351046117
5,13,25,71.92416754394154
5,13,24,77.20569331420997
5,13,23,76.25567675808527
5,13,22,78.02705010578273
5,13,21,79.06992098078464
5,13,20,71.61812833403863
5,13,19,75.30294731883143
5,13,18,70.00747375257195
5,13,17,77.94920268388859
5,13,16,73.19315808494773
5,13,15,71.55693409691173
5,13,14,80.35354813841234
5,13,13,75.79549287316667
5,13,12,81.270416033309
5,13,11,71.01087671339948
5,13,10,80.99045899990082
5,13,9,75.15476173196092
5,13,8,76.32752139091819
5,13,7,81.83655958428328
5,13,6,71.88777985726338
5,13,5,76.09316227103088
5,13,4,81.74100462264984
5,13,3,71.21487863692927
5,13,2,78.04910485452785
5,13,1,78.45809178150964
5,13,0,74.45915633905985
5,12,59,75.53661412190324
5,12,58,75.85005767383603
5,12,57,73.35753927404336
5,12,56,76.96453304013846
5,12,55,71.30669639468402
5,12,54,74.7357655471178
5,12,53,72.83749284506132
5,12,52,71.9829058815096
5,12,51,79.0256077760334
5,12,50,79.87634480841892
5,12,49,72.33273511405164
5,12,48,79.0407856931825
5,12,47,75.43758441427565
5,12,46,71.8843718517094
5,12,45,71.86288329448533
5,12,44,71.89107617861117
5,12,43,80.83885670193833
5,12,42,76.58921774182694
5,12,41,78.40280164211934
5,12,40,72.9622689492021
5,12,39,74.06715778729962
5,12,38,78.27839915294071
5,12,37,72.1625180014307
5,12,36,78.08914995076132
5,12,35,81.82168114369509
5,12,34,71.13652450522588
5,12,33,81.15124218944112
5,12,32,79.87300625717916
5,12,31,73.15896223154974
5,12,30,78.9668738007804
5,12,29,71.08749210259592
5,12,28,79.85792004364117
5,12,27,77.94196448142863
5,12,26,74.99506822804685
5,12,25,81.42415109122481
5,12,24,74.1651677581475
5,12,23,80.52416673303028
5,12,22,73.22715679970302
5,12,21,76.1057286101323
5,12,20,75.56779809943325
5,12,19,74.77901579427011
5,12,18,72.44797172922941
5,12,17,73.51077225873948
5,12,16,78.28181447682769
5,12,15,76.93333401988582
5,12,14,73.87114543960834
5,12,13,73.81805441318131
5,12,12,78.33384662857405
5,12,11,80.66423891680637
5,12,10,80.28011883689246
5,12,9,79.57235829545938
5,12,8,73.09142807356534
5,12,7,74.94180270715484
5,12,6,70.25928212850191
5,12,5,78.181069697654
5,12,4,79.16714929629964
5,12,3,70.91606529691246
5,12,2,74.2822068625359
5,12,1,70.86398969337887
5,12,0,70.28318352279044
5,11,59,75.50134389149426
5,11,58,74.02717455416986
5,11,57,80.3760894799329
5,11,56,70.03937766296085
5,11,55,70.535008796172
5,11,54,75.63747057969519
5,11,53,76.94715456647606
5,11,52,73.33278356542665
5,11,51,72.02839240419088
5,11,50,79.26727913713039
5,11,49,79.9735397313621
5,11,48,78.47822631674524
5,11,47,72.58644419181701
5,11,46,71.50380854263064
5,11,45,80.47490009252186
5,11,44,70.4229318568275
5,11,43,79.8177430283554
5,11,42,71.87465886107128
5,11,41,71.19865419397154
5,11,40,71.66700413523907
5,11,39,70.59278931035547
5,11,38,79.51861524542349
5,11,37,75.78144612368372
5,11,36,80.57662326101145
5,11,35,73.81923163894099
5,11,34,73.19442633165906
5,11,33,72.81317546575461
5,11,32,79.17645376088228
5,11,31,79.21211088039442
5,11,30,76.9843901404251
5,11,29,78.38269152662798
5,11,28,71.27555084631847
5,11,27,77.04784364510768
5,11,26,75.045150607967
5,11,25,73.7256485633889
5,11,24,75.5830777430873
5,11,23,78.8812180458763
5,11,22,80.85314774339285
5,11,21,75.70317417142088
5,11,20,78.00947568557058
5,11,19,77.20230074532807
5,11,18,80.15007930440444
5,11,17,75.66862476421521
5,11,16,77.44809942411143
5,11,15,78.31470767766352
5,11,14,71.10880772532035
5,11,13,79.22432957399874
5,11,12,75.95259640851135
5,11,11,72.79479675068849
5,11,10,72.63293107464565
5,11,9,78.39816981533902
5,11,8,70.9461146380653
5,11,7,73.14855758952612
5,11,6,80.0271265320084
5,11,5,74.34512036914552
5,11,4,74.30864222077491
5,11,3,75.75705629679196
5,11,2,71.72950413880524
5,11,1,78.47557642082616
5,11,0,76.77997534016632
5,10,59,71.46505658782728
5,10,58,70.26082851703605
5,10,57,72.49533103595418
5,10,56,74.91798520454347
5,10,55,74.73946671346849
5,10,54,77.04952834762078
5,10,53,74.27530515484756
5,10,52,71.0617485978394
5,10,51,73.8734312666219
5,10,50,72.88908515083884
5,10,49,76.94300819486061
5,10,48,74.58829658970492
5,10,47,72.58906819929611
5,10,46,79.57981371354896
5,10,45,70.59856274865358
5,10,44,76.85045820240674
5,10,43,73.13062097562653
5,10,42,78.57044235880082
5,10,41,78.85383762802891
5,10,40,76.40884701401333
5,10,39,75.281661138474
5,10,38,71.70873860829376
5,10,37,78.02151295334146
5,10,36,75.02042619691193
5,10,35,78.54035634076702
5,10,34,74.63467581722894
5,10,33,77.00585663321979
5,10,32,72.75490619766161
5,10,31,78.14238422857406
5,10,30,71.71389210984053
5,10,29,72.33222155669297
5,10,28,71.21917130488968
5,10,27,75.11158885396793
5,10,26,75.13732760245993
5,10,25,77.18115738142872
5,10,24,73.79883854294026
5,10,23,73.90532008306543
5,10,22,70.09022849392207
5,10,21,76.49999999928413
5,10,20,79.98244634564023
5,10,19,72.52611771591964
5,10,18,76.44146656013865
5,10,17,74.87755518662584
5,10,16,79.42034636223619
5,10,15,76.28284717805317
5,10,14,70.04298507818767
5,10,13,79.28001343420912
5,10,12,74.46184855940012
5,10,11,72.25017005657246
5,10,10,74.45263118977873
5,10,9,74.37827930146483
5,10,8,73.93784696259205
5,10,7,77.29744384397716
5,10,6,75.72589319904898
5,10,5,76.51112534157646
5,10,4,70.19302994538963
5,10,3,75.86378513985467
5,10,2,73.76533808205066
5,10,1,75.56029065766322
5,10,0,72.05029092729515
5,9,59,71.29238611350156
5,9,58,78.70897206420071
5,9,57,71.38410428260238
5,9,56,71.79902936345995
5,9,55,72.18660294822782
5,9,54,74.26231632357694
5,9,53,73.72756379478818
5,9,52,74.2411349896552
5,9,51,71.7556441327383
5,9,50,77.71688484805182
5,9,49,74.21347974176818
5,9,48,73.31167601460656
5,9,47,74.72547045331198
5,9,46,70.02697022006784
5,9,45,78.82357227218695
5,9,44,78.88773598578915
5,9,43,72.51687495378756
5,9,42,72.122226095395
5,9,41,77.44546430688504
5,9,40,77.06865959882171
5,9,39,74.27052710622809
5,9,38,70.41887326329844
5,9,37,75.65350709479077
5,9,36,70.00755349893223
5,9,35,78.71470471615687
5,9,34,74.85453190056093
5,9,33,70.65684476282769
5,9,32,75.6292716676819
5,9,31,72.56648757831357
5,9,30,75.15523570252115
5,9,29,75.58738945473223
5,9,28,78.35964450115
5,9,27,75.42195591114546
5,9,26,73.63245059438852
5,9,25,74.61157170167557
5,9,24,73.92171759090796
5,9,23,73.49529617214073
5,9,22,76.32432074806638
5,9,21,77.2978868871765
5,9,20,78.41793190535365
5,9,19,74.39610443930884
5,9,18,78.93079021514554
5,9,17,73.92665163187198
5,9,16,70.42596818829564
5,9,15,76.66012192649536
5,9,14,70.92608973486654
5,9,13,77.20060226250013
5,9,12,78.42619559457904
5,9,11,77.68146471801076
5,9,10,72.27214608946578
5,9,9,71.80012587148988
5,9,8,70.19467236352838
5,9,7,70.66133117243159
5,9,6,70.03944539246561
5,9,5,76.31688533758022
5,9,4,72.12221959522893
5,9,3,73.17623919943064
5,9,2,76.40725605703616
5,9,1,71.34199181038441
5,9,0,73.94809948098519
5,8,59,10.121953788556366
5,8,58,7.936214394308243
5,8,57,11.429364954709438
5,8,56,14.088210112830726
5,8,55,10.562468704078803
5,8,54,13.333278083570299
5,8,53,8.371367830908806
5,8,52,11.59431022262083
5,8,51,11.793231558315867
5,8,50,13.729140360781404
5,8,49,7.664889666679223
5,8,48,14.454264858885853
5,8,47,11.151600492654588
5,8,46,8.235910877744306
5,8,45,12.955188179655636
5,8,44,13.18762873214611
5,8,43,7.650642632545849
5,8,42,9.91408606738289
5,8,41,13.912500163823104
5,8,40,7.576247529000666
5,8,39,14.602305671658193
5,8,38,13.246965936223003
5,8,37,10.270334243505056
5,8,36,11.973134917715152
5,8,35,11.366971332398574
5,8,34,11.427404922967801
5,8,33,8.047197534374575
5,8,32,10.896503040600997
5,8,31,8.006590114402798
5,8,30,8.384585269281427
5,8,29,13.509057732761303
5,8,28,12.928940137399824
5,8,27,8.94049976839811
5,8,26,11.472389141927055
5,8,25,10.869689748856922
5,8,24,14.337675085987001
5,8,23,11.051486021440708
5,8,22,7.959532488213874
5,8,21,11.991242451663593
5,8,20,8.632476165682668
5,8,19,9.561524472168179
5,8,18,12.453873574375201
5,8,17,14.190454593336613
5,8,16,13.245939994972133
5,8,15,10.637969108736248
5,8,14,12.612373646585034
5,8,13,12.256802195541063
5,8,12,9.839687506768216
5,8,11,7.40757983543759
5,8,10,12.099309978297205
5,8,9,9.289834662354668
5,8,8,7.738343929507433
5,8,7,9.143087818026896
5,8,6,8.098377458886718
5,8,5,12.790581760433735
5,8,4,7.234944402124702
5,8,3,11.398077969174583
5,8,2,10.299061541027877
5,8,1,13.127945523096862
5,8,0,10.850250114391377
5,7,59,13.717034917867892
5,7,58,13.082238729116495
5,7,57,13.546597514390088
5,7,56,11.444201174718877
5,7,55,13.45139257545469
5,7,54,8.214157159471847
5,7,53,7.7892414281128195
5,7,52,8.756514713081337
5,7,51,13.320149111997111
5,7,50,12.438051174070651
5,7,49,10.27922776664706
5,7,48,12.513009151765807
5,7,47,9.472320807963452
5,7,46,10.863963536530871
5,7,45,9.399712641472792
5,7,44,11.773541819960059
5,7,43,11.774821061400354
5,7,42,9.705285443620625
5,7,41,8.765521126957962
5,7,40,10.721048997157775
5,7,39,11.215403733653503
5,7,38,7.579875943223813
5,7,37,10.840249183951052
5,7,36,7.090203080456625
5,7,35,7.861172569639409
5,7,34,10.586967925520142
5,7,33,11.675263265918883
5,7,32,9.53652533119066
5,7,31,13.80122647625128
5,7,30,8.230691859515264
5,7,29,13.711746156614627
5,7,28,8.219969091195663
5,7,27,9.181606200381808
5,7,26,9.893947889744602
5,7,25,7.988040261358341
5,7,24,10.128779484488057
5,7,23,11.331852894534883
5,7,22,9.429781696396756
5,7,21,9.757667220390292
5,7,20,8.85545375272853
5,7,19,13.577320688864436
5,7,18,7.731128405218447
5,7,17,8.508992143592526
5,7,16,13.677828835729269
5,7,15,11.532544718264681
5,7,14,10.426240021617687
5,7,13,9.221320618418947
5,7,12,13.705679765204748
5,7,11,13.494443748675966
5,7,10,12.557291741149221
5,7,9,10.113152248887936
5,7,8,13.211324177945823
5,7,7,11.794315328646599
5,7,6,12.401508844534403
5,7,5,9.828488272409473
5,7,4,11.564543969079468
5,7,3,9.909180253875551
5,7,2,7.664109012983789
5,7,1,9.098927712932205
5,7,0,7.656230711103868
5,6,59,8.158563513222092
5,6,58,7.141453722622092
5,6,57,10.223528019470098
5,6,56,8.453108136101799
5,6,55,7.067391450491084
5,6,54,11.751958549090222
5,6,53,9.369930880478815
5,6,52,8.70225887915019
5,6,51,7.8245956386746025
5,6,50,10.754939110850357
5,6,49,7.842015921736826
5,6,48,11.778426602340446
5,6,47,8.64918656113156
5,6,46,12.088733612493343
5,6,45,8.958961826126727
5,6,44,9.054047624687197
5,6,43,11.575356921091716
5,6,42,10.118933219723239
5,6,41,9.236299812279974
5,6,40,8.963907096047338
5,6,39,8.403277446579954
5,6,38,8.73116185578034
5,6,37,7.822151472849194
5,6,36,10.605061558547456
5,6,35,8.566400750393838
5,6,34,7.277825245755663
5,6,33,11.233923212542683
5,6,32,8.515370205370122
5,6,31,7.678968585907425
5,6,30,8.069787659038594
5,6,29,9.814728590079453
5,6,28,7.04331555614964
5,6,27,9.949836943606837
5,6,26,9.220943218096089
5,6,25,12.751263078598804
5,6,24,7.662264497375182
5,6,23,12.366316914607363
5,6,22,10.575592135679504
5,6,21,8.625956906551346
5,6,20,12.998612592516054
5,6,19,7.344526745456312
5,6,18,12.379280500516257
5,6,17,8.800914438167784
5,6,16,9.88609618364417
5,6,15,10.944822767237763
5,6,14,12.99796230209854
5,6,13,12.305885548036505
5,6,12,10.480758056854008
5,6,11,11.145681771756164
5,6,10,12.58434168010331
5,6,9,11.23305700988152
5,6,8,7.385508394131835
5,6,7,12.545166158384484
5,6,6,11.936466999791953
5,6,5,10.950788550661132
5,6,4,7.088180998881103
5,6,3,12.627845611149962
5,6,2,12.332927015680225
5,6,1,11.89291270468174
5,6,0,9.113953856628141
5,5,59,7.767066639335126
5,5,58,7.658958141492033
5,5,57,10.4386421629568
5,5,56,11.11393799390643
5,5,55,11.113423396260412
5,5,54,7.595718580237137
5,5,53,7.055530517478638
5,5,52,11.115700398526684
5,5,51,9.17128774481424
5,5,50,7.797747113599586
5,5,49,7.952282736888015
5,5,48,8.8757164919706
5,5,47,10.880687415202702
5,5,46,9.102895187255076
5,5,45,9.910538381134034
5,5,44,10.854157596637648
5,5,43,10.85175287279001
5,5,42,7.9962346979008645
5,5,41,7.6752651089453625
5,5,40,11.133968701107628
5,5,39,7.961447803432194
5,5,38,11.11002737030903
5,5,37,11.197873561975062
5,5,36,8.328090677380915
5,5,35,9.99640454369956
5,5,34,11.364538262816284
5,5,33,7.139481401147426
5,5,32,8.812269618304946
5,5,31,8.377109093873734
5,5,30,7.930200491308777
5,5,29,8.689216989965395
5,5,28,9.055069655314469
5,5,27,9.25010679415654
5,5,26,8.546535168552264
5,5,25,7.394669118384392
5,5,24,8.261453849187273
5,5,23,10.71262410763185
5,5,22,8.514470732606059
5,5,21,7.246968972243259
5,5,20,11.406564975123962
5,5,19,9.296467059952423
5,5,18,7.576497280850985
5,5,17,7.615709960013246
5,5,16,9.037965780723692
5,5,15,8.96084345680359
5,5,14,9.86425992504364
5,5,13,7.095280611690615
5,5,12,11.990706852227284
5,5,11,10.482335765767184
5,5,10,7.065430337018247
5,5,9,11.650393669586716
5,5,8,7.779282753641502
5,5,7,8.015040038345873
5,5,6,8.512990355752148
5,5,5,9.360134726923473
5,5,4,8.52173614551842
5,5,3,9.01069620330423
5,5,2,7.881873369970567
5,5,1,11.556021812221196
5,5,0,10.315829042850291
5,4,59,8.348583677288271
5,4,58,7.246700545046504
5,4,57,8.422005416468645
5,4,56,10.81994496080641
5,4,55,10.937531956692439
5,4,54,9.621983731850907
5,4,53,8.9156131055793
5,4,52,9.137624692693812
5,4,51,10.345414530400285
5,4,50,7.28136625162751
5,4,49,9.461466712912703
5,4,48,10.338224893154289
5,4,47,9.66570184567514
5,4,46,9.297245887324237
5,4,45,8.900215636577824
5,4,44,7.33659978197054
5,4,43,7.358100422174014
5,4,42,10.372603921875209
5,4,41,8.393214658623862
5,4,40,8.873215966692392
5,4,39,10.954159818332517
5,4,38,8.698443781311873
5,4,37,9.923067798416646
5,4,36,10.114866658263661
5,4,35,9.624336588014643
5,4,34,9.893528724725407
5,4,33,10.40586401678365
5,4,32,8.400068187131453
5,4,31,9.997591944158641
5,4,30,7.8413771173209375
5,4,29,10.797413394913512
5,4,28,8.620496453182803
5,4,27,7.433070591347664
5,4,26,9.227084688077365
5,4,25,10.66162476424354
5,4,24,7.322285724274935
5,4,23,10.026407776933107
5,4,22,10.075339578095818
5,4,21,8.752477118082927
5,4,20,9.913231608699714
5,4,19,10.327582267472726
5,4,18,10.124134722568142
5,4,17,7.726716636929988
5,4,16,9.852344426771383
5,4,15,8.169776167939501
5,4,14,9.261678118436677
5,4,13,9.322899179517108
5,4,12,10.489865264050339
5,4,11,9.999892487931934
5,4,10,9.25157310803919
5,4,9,7.956719839945163
5,4,8,9.340895418552204
5,4,7,10.346137912878092
5,4,6,9.184626178756409
5,4,5,10.048032396663737
5,4,4,9.499888167868022
5,4,3,10.4512717360688
5,4,2,7.32986570303698
5,4,1,10.80850206451583
5,4,0,10.86899100172453
5,3,59,7.3665847775792725
5,3,58,9.682517310145792
5,3,57,7.186152432531122
5,3,56,8.304916917989187
5,3,55,7.569653068829022
5,3,54,9.795624371448298
5,3,53,9.287911677229076
5,3,52,7.901556238890876
5,3,51,7.4076623040538205
5,3,50,7.582912179697042
5,3,49,7.398462690097794
5,3,48,9.94251055933216
5,3,47,9.240205112903052
5,3,46,7.395282954972696
5,3,45,9.909578628049022
5,3,44,8.990743568876589
5,3,43,7.959080176026361
5,3,42,9.153076154657363
5,3,41,9.690887013685394
5,3,40,9.167802880931365
5,3,39,8.33686963340762
5,3,38,7.160473284028908
5,3,37,7.157868782170345
5,3,36,7.7043641229292135
5,3,35,8.101803004039231
5,3,34,8.860617566810458
5,3,33,8.61177766804664
5,3,32,8.629983476552818
5,3,31,8.055631247250814
5,3,30,7.252484262352153
5,3,29,7.535071176625403
5,3,28,9.071733780328284
5,3,27,9.513412727563122
5,3,26,9.007726855817118
5,3,25,8.431883694050855
5,3,24,7.029629793825705
5,3,23,8.856580955288715
5,3,22,9.704400763984738
5,3,21,7.761355183350011
5,3,20,8.044523913477931
5,3,19,7.276947410409565
5,3,18,8.819755378419176
5,3,17,8.141943368055415
5,3,16,8.850478454638989
5,3,15,7.1787425714835
5,3,14,9.866414863979006
5,3,13,8.117024205337495
5,3,12,8.123306680820042
5,3,11,7.954872203474523
5,3,10,9.360279255618138
5,3,9,8.332486132622714
5,3,8,7.4236311851052035
5,3,7,9.540119370296642
5,3,6,9.748142660062882
5,3,5,7.517227219079954
5,3,4,8.311266507372258
5,3,3,9.54028543536077
5,3,2,7.257622595447745
5,3,1,7.177987000168331
5,3,0,8.552671568413306
5,2,59,8.758875413309672
5,2,58,8.775396791248957
5,2,57,7.4218166985968494
5,2,56,8.280267980386302
5,2,55,7.318920680632487
5,2,54,7.314151206234528
5,2,53,8.969658757229096
5,2,52,7.389649626243512
5,2,51,7.858769562219325
5,2,50,7.501829190819258
5,2,49,7.603450159226348
5,2,48,8.985574186882497
5,2,47,7.699104884136705
5,2,46,8.172245002637938
5,2,45,8.053419145596907
5,2,44,8.10166311938471
5,2,43,8.681219129081036
5,2,42,7.080206086251271
5,2,41,7.880331950973823
5,2,40,7.019672086998569
5,2,39,8.036596166284193
5,2,38,7.929123007871255
5,2,37,8.826776934287615
5,2,36,7.170079754644647
5,2,35,7.308618050098538
5,2,34,7.233684934525851
5,2,33,8.493605902150653
5,2,32,7.7502811960484825
5,2,31,8.552538639341625
5,2,30,8.286837553289766
5,2,29,7.175249455616729
5,2,28,8.046690337949261
5,2,27,7.734976743823005
5,2,26,8.264888001623254
5,2,25,7.5084236179289485
5,2,24,8.077083579751026
5,2,23,7.120007735222755
5,2,22,7.149176826109982
5,2,21,7.087261762985805
5,2,20,7.915647469272528
5,2,19,8.497210246341204
5,2,18,7.374741113714229
5,2,17,8.29982846979168
5,2,16,8.723406412115164
5,2,15,7.922678904611108
5,2,14,7.621452153835112
5,2,13,8.412180275031716
5,2,12,7.831798190571093
5,2,11,8.654620731645009
5,2,10,8.30616476966691
5,2,9,8.811578066105298
5,2,8,7.062654841536357
5,2,7,7.014958790911165
5,2,6,7.100062681295416
5,2,5,7.481630727737749
5,2,4,7.084397725267349
5,2,3,8.965174008639055
5,2,2,7.314313841237521
5,2,1,7.816247103632038
5,2,0,8.938566745943197
5,1,59,7.090620283179102
5,1,58,7.896317907825077
5,1,57,7.198891429995027
5,1,56,7.490697673392422
5,1,55,7.650239606415989
5,1,54,7.257329169224098
5,1,53,7.956426839801606
5,1,52,7.923233139346981
5,1,51,7.551649136137927
5,1,50,7.76661226287107
5,1,49,7.188854935138576
5,1,48,7.996694062528766
5,1,47,7.479739396870347
5,1,46,7.338865998124121
5,1,45,7.4611854664955475
5,1,44,7.240497550031624
5,1,43,7.303783624796794
5,1,42,7.761686887863839
5,1,41,7.938627684926815
5,1,40,7.735527961073654
5,1,39,7.9063289738492575
5,1,38,7.0987148758853085
5,1,37,7.7349483422089955
5,1,36,7.467530455144974
5,1,35,7.716359637179634
5,1,34,7.0775405068596156
5,1,33,7.489154997575829
5,1,32,7.440286736828825
5,1,31,7.9037394332226025
5,1,30,7.587793672180345
5,1,29,7.2027477486372815
5,1,28,7.3955642591013815
5,1,27,7.955477111007401
5,1,26,7.356491128851844
5,1,25,7.740248276539494
5,1,24,7.677382710692031
5,1,23,7.900800833351129
5,1,22,7.5091149847953975
5,1,21,7.529432981735632
5,1,20,7.865013106554546
5,1,19,7.64924629731204
5,1,18,7.04268690268443
5,1,17,7.914056792157809
5,1,16,7.5308783226989915
5,1,15,7.473652224393633
5,1,14,7.604056505652643
5,1,13,7.6414867092612955
5,1,12,7.2977205377195
5,1,11,7.049260512871366
5,1,10,7.921136582231442
5,1,9,7.525485522001095
5,1,8,7.326267162848872
5,1,7,7.8431324601875785
5,1,6,7.416313084013731
5,1,5,7.476695313072891
5,1,4,7.285031230041596
5,1,3,7.046865506909399
5,1,2,7.3168147246092685
5,1,1,7.950136875088371
5,1,0,7.809419592086939
5,0,59,7
5,0,58,7
5,0,57,7
5,0,56,7
5,0,55,7
5,0,54,7
5,0,53,7
5,0,52,7
5,0,51,7
5,0,50,7
5,0,49,7
5,0,48,7
5,0,47,7
5,0,46,7
5,0,45,7
5,0,44,7
5,0,43,7
5,0,42,7
5,0,41,7
5,0,40,7
5,0,39,7
5,0,38,7
5,0,37,7
5,0,36,7
5,0,35,7
5,0,34,7
5,0,33,7
5,0,32,7
5,0,31,7
5,0,30,7
5,0,29,7
5,0,28,7
5,0,27,7
5,0,26,7
5,0,25,7
5,0,24,7
5,0,23,7
5,0,22,7
5,0,21,7
5,0,20,7
5,0,19,7
5,0,18,7
5,0,17,7
5,0,16,7
5,0,15,7
5,0,14,7
5,0,13,7
5,0,12,7
5,0,11,7
5,0,10,7
5,0,9,7
5,0,8,7
5,0,7,7
5,0,6,7
5,0,5,7
5,0,4,7
5,0,3,7
5,0,2,7
5,0,1,7
5,0,0,7
4,23,59,24.776234479105653
4,23,58,12.683981514117093
4,23,57,16.248355466282575
4,23,56,19.22766041528436
4,23,55,14.90259202707654
4,23,54,31.563520188988882
4,23,53,18.68029627766523
4,23,52,20.69115544053838
4,23,51,23.901973443441243
4,23,50,21.837054110530286
4,23,49,17.136392102442887
4,23,48,20.437696266894577
4,23,47,11.177453143950336
4,23,46,28.88757558425012
4,23,45,17.03455456427839
4,23,44,32.08608009096157
4,23,43,29.43091280075916
4,23,42,28.084402442224913
4,23,41,15.554104591299243
4,23,40,13.776010420182795
4,23,39,12.509668542490214
4,23,38,30.886735106612285
4,23,37,22.104761665465603
4,23,36,12.158524607468543
4,23,35,15.935146087966974
4,23,34,18.393263155725094
4,23,33,24.46711377697043
4,23,32,25.105582215902775
4,23,31,25.50753797856084
4,23,30,24.023536275064444
4,23,29,14.272445699701954
4,23,28,10.186740638655815
4,23,27,26.661765218367073
4,23,26,29.56601776101265
4,23,25,22.184184704988017
4,23,24,14.906071742142423
4,23,23,16.062243806123554
4,23,22,32.70191930225356
4,23,21,30.690043504836282
4,23,20,24.85353224883678
4,23,19,23.17816901875384
4,23,18,13.399082500933456
4,23,17,21.432999810764834
4,23,16,22.249584256206397
4,23,15,28.960922346838917
4,23,14,29.694650948411546
4,23,13,23.90295433801493
4,23,12,27.16140983370319
4,23,11,19.765849287445526
4,23,10,17.067172904806608
4,23,9,23.61425285454804
4,23,8,15.287836156557981
4,23,7,30.820989508512035
4,23,6,30.447014629756744
4,23,5,28.836868513176753
4,23,4,30.857926526978225
4,23,3,31.003492149241048
4,23,2,23.82582484710176
4,23,1,32.4948535555438
4,23,0,23.222481334092002
4,22,59,27.320745134647154
4,22,58,13.349515484672157
4,22,57,29.60738922454129
4,22,56,13.826959086583146
4,22,55,20.09791114323689
4,22,54,23.517684315902567
4,22,53,18.21818481620062
4,22,52,12.847432083761294
4,22,51,12.62984983713006
4,22,50,10.586462420563791
4,22,49,31.33980803986872
4,22,48,28.92707057290381
4,22,47,30.061232275440588
4,22,46,23.287187197122357
4,22,45,14.105357409593527
4,22,44,24.88904994609607
4,22,43,13.818391529610773
4,22,42,21.385089593194547
4,22,41,22.722377050051158
4,22,40,29.259906101662057
4,22,39,12.965986733141946
4,22,38,14.627675863388205
4,22,37,15.102594204558393
4,22,36,12.26251652856881
4,22,35,10.329752636748049
4,22,34,16.191478352250563
4,22,33,16.77447315702603
4,22,32,30.558916390579796
4,22,31,21.619516479839525
4,22,30,29.246100015252168
4,22,29,21.68280941146734
4,22,28,11.27063107601064
4,22,27,11.35421246535412
4,22,26,31.31449405737003
4,22,25,18.541522982511005
4,22,24,26.2296575894421
4,22,23,13.37077194978504
4,22,22,19.058167790155487
4,22,21,25.577904160980648
4,22,20,28.454860193754158
4,22,19,17.6596115503171
4,22,18,22.590839084692327
4,22,17,30.09587932856124
4,22,16,18.61244534706224
4,22,15,22.840558439303567
4,22,14,26.640525404370955
4,22,13,13.65143035339571
4,22,12,27.50916284176471
4,22,11,30.42828569268953
4,22,10,11.846757023639842
4,22,9,22.3862713589343
4,22,8,12.909862321951499
4,22,7,27.089095760263156
4,22,6,25.422112759527845
4,22,5,15.22702685834472
4,22,4,22.20876340969099
4,22,3,10.24510140919427
4,22,2,16.63434788320513
4,22,1,26.149140283117585
4,22,0,30.893491505157616
4,21,59,11.58407329941174
4,21,58,17.77046139623329
4,21,57,28.408685511215793
4,21,56,20.71479918815491
4,21,55,10.812196437055276
4,21,54,11.656480894404618
4,21,53,18.63047777543093
4,21,52,13.471628801992106
4,21,51,14.757295248311678
4,21,50,10.93859031560749
4,21,49,19.765253604663002
4,21,48,27.938395126714862
4,21,47,12.861195306048515
4,21,46,22.799411366313862
4,21,45,23.56450298147614
4,21,44,17.080233969458078
4,21,43,25.42504161869625
4,21,42,14.237650976069848
4,21,41,14.215882234166866
4,21,40,13.501379462864838
4,21,39,19.16652141769483
4,21,38,17.218768708190957
4,21,37,24.33412787365517
4,21,36,30.655707483661708
4,21,35,20.35118895391153
4,21,34,17.570282585969768
4,21,33,17.626785446617983
4,21,32,11.958789200826203
4,21,31,21.707008580324732
4,21,30,18.931954152794354
4,21,29,30.356218860719753
4,21,28,12.985476759145072
4,21,27,16.878407465578942
4,21,26,19.74378203336618
4,21,25,30.175354819706826
4,21,24,22.882499129533635
4,21,23,16.047572068395485
4,21,22,29.585606437827842
4,21,21,12.385038723518514
4,21,20,19.04480190594534
4,21,19,10.016664710350069
4,21,18,18.942094682904482
4,21,17,12.387276905464851
4,21,16,14.119130353491709
4,21,15,10.700059217855507
4,21,14,29.97455531412971
4,21,13,15.773785118924149
4,21,12,19.55151579020368
4,21,11,22.24441196708881
4,21,10,20.17230197899626
4,21,9,12.879139525128467
4,21,8,21.060956367490746
4,21,7,11.970863437447695
4,21,6,23.373200750802557
4,21,5,10.044454616309167
4,21,4,19.529244139684636
4,21,3,14.933462020367827
4,21,2,13.143670180816002
4,21,1,25.79139454723954
4,21,0,30.05353821338533
4,20,59,19.576498708007165
4,20,58,16.53281203582103
4,20,57,13.927051774161413
4,20,56,29.237612889162175
4,20,55,15.408542191878281
4,20,54,29.156841058890343
4,20,53,26.153890632805954
4,20,52,13.443495352546288
4,20,51,28.87097719338239
4,20,50,28.570938150867597
4,20,49,26.940968470462114
4,20,48,17.377213142723008
4,20,47,24.23182994733924
4,20,46,11.128937763199117
4,20,45,26.41828625509839
4,20,44,25.29164605544025
4,20,43,27.68000004573655
4,20,42,15.948825193662625
4,20,41,22.370140228447482
4,20,40,24.78477345099347
4,20,39,26.091782554004247
4,20,38,15.83977796221994
4,20,37,26.199156673709258
4,20,36,23.171600844231257
4,20,35,21.313708211398737
4,20,34,28.407709550789235
4,20,33,22.297211596644132
4,20,32,13.098798636990185
4,20,31,13.054381235866455
4,20,30,22.7583224078544
4,20,29,11.606890314284554
4,20,28,18.95110153776236
4,20,27,15.148869036406888
4,20,26,21.10980259733599
4,20,25,27.62818933083949
4,20,24,23.837828687376224
4,20,23,25.672390571491626
4,20,22,28.02956338753895
4,20,21,20.091651003198596
4,20,20,18.618712082727185
4,20,19,14.438699362710652
4,20,18,10.249839040741213
4,20,17,16.026492515926716
4,20,16,27.382523388344037
4,20,15,11.08059642987803
4,20,14,28.03872809552393
4,20,13,26.407508729200863
4,20,12,15.120119135684567
4,20,11,12.681449613046151
4,20,10,27.867768102255216
4,20,9,19.047764888773806
4,20,8,27.60656187802551
4,20,7,11.591782492199615
4,20,6,15.779134937687072
4,20,5,26.33407665233963
4,20,4,21.817727289965248
4,20,3,28.35523330344899
4,20,2,29.248666002730268
4,20,1,29.439552686107294
4,20,0,11.84658510055656
4,19,59,14.049368275804696
4,19,58,24.9920217336732
4,19,57,23.398687102488054
4,19,56,10.510447619891673
4,19,55,21.184409491556654
4,19,54,22.018140658016534
4,19,53,28.1771384342375
4,19,52,22.857061690911088
4,19,51,23.222500202687876
4,19,50,12.835485504459905
4,19,49,23.92505669364307
4,19,48,12.251653926817434
4,19,47,18.474290590278468
4,19,46,22.349689431423748
4,19,45,14.991023053945113
4,19,44,26.112878564340345
4,19,43,24.927612860572424
4,19,42,26.7415141388431
4,19,41,13.300337500487329
4,19,40,16.818790527583268
4,19,39,12.731573095492275
4,19,38,27.301562622053325
4,19,37,14.988070639299853
4,19,36,26.42740328728249
4,19,35,21.50811104131911
4,19,34,10.922633726151782
4,19,33,24.9395327155718
4,19,32,27.87535169175498
4,19,31,19.817643951928897
4,19,30,15.683380550082642
4,19,29,20.524192879912274
4,19,28,11.53694041304351
4,19,27,10.293272748666839
4,19,26,25.698091689893978
4,19,25,19.787319897151765
4,19,24,12.673839391445318
4,19,23,15.222270180319285
4,19,22,20.492911200122272
4,19,21,15.51556181853676
4,19,20,17.838339477684038
4,19,19,21.95426284229174
4,19,18,12.356157282326507
4,19,17,18.177410494837012
4,19,16,13.569573610060313
4,19,15,14.365736618888768
4,19,14,22.643871594723404
4,19,13,19.800724656629875
4,19,12,13.553078865153422
4,19,11,10.376934037573157
4,19,10,18.325145059867474
4,19,9,16.43318535459779
4,19,8,10.827879192520873
4,19,7,15.05507203465659
4,19,6,19.728031030114792
4,19,5,28.55636576942846
4,19,4,16.429606010365454
4,19,3,24.670139561725392
4,19,2,12.930556347376402
4,19,1,24.962965915362858
4,19,0,23.727676868214395
4,18,59,22.848045184291447
4,18,58,16.68155654477406
4,18,57,18.671185944950253
4,18,56,12.733028618605621
4,18,55,21.080357144849113
4,18,54,19.013897114250767
4,18,53,12.586814922007413
4,18,52,17.565996459153645
4,18,51,20.22902302478093
4,18,50,19.794852574038956
4,18,49,20.554272434567228
4,18,48,21.60477515554943
4,18,47,11.453266917291874
4,18,46,14.996578772768075
4,18,45,12.40230964804707
4,18,44,10.965371424567799
4,18,43,10.011151921308018
4,18,42,27.192632706058937
4,18,41,12.271310816028155
4,18,40,16.933780968120814
4,18,39,26.297830319943063
4,18,38,15.799660814679191
4,18,37,22.994285795181472
4,18,36,19.09309648733757
4,18,35,25.63874282379549
4,18,34,19.228067855417688
4,18,33,11.555337420216823
4,18,32,27.816507457219362
4,18,31,11.850624878109482
4,18,30,15.459038139103143
4,18,29,14.047281718299914
4,18,28,16.011163243953945
4,18,27,16.7686359883224
4,18,26,18.122720286922956
4,18,25,10.012327625752226
4,18,24,18.820644829560226
4,18,23,22.071644702267925
4,18,22,24.42544232418778
4,18,21,11.16551678544882
4,18,20,16.154658144455812
4,18,19,21.143822469878124
4,18,18,14.276101872460856
4,18,17,25.75011342572839
4,18,16,10.114482987067197
4,18,15,19.010976188553936
4,18,14,11.780664617301497
4,18,13,11.14994976358008
4,18,12,19.31493409687114
4,18,11,25.6104467835845
4,18,10,17.47310839845862
4,18,9,17.79170791621779
4,18,8,27.841274171275227
4,18,7,21.145618695012935
4,18,6,14.071607284397935
4,18,5,20.458232258515796
4,18,4,18.31973698501328
4,18,3,20.9009957192768
4,18,2,13.523106665451554
4,18,1,18.68706059943758
4,18,0,24.604906872317628
4,17,59,36.8572581887124
4,17,58,40.537767845580454
4,17,57,36.44639578756181
4,17,56,42.30042861494121
4,17,55,44.80888942945962
4,17,54,32.84886531240858
4,17,53,32.206632488947456
4,17,52,34.81845370542128
4,17,51,35.790201911198096
4,17,50,43.08019214897381
4,17,49,32.85155366822574
4,17,48,33.0885953576229
4,17,47,43.069941042931376
4,17,46,44.03310625320108
4,17,45,34.094465527525266
4,17,44,32.363962781787464
4,17,43,43.34477278222602
4,17,42,33.80059190907468
4,17,41,43.71927885200209
4,17,40,45.22505036935378
4,17,39,43.35613715731121
4,17,38,43.31368797146081
4,17,37,45.61288492095872
4,17,36,30.197907920733137
4,17,35,41.212121074682074
4,17,34,36.225765109253565
4,17,33,39.22221319228468
4,17,32,40.48952287015519
4,17,31,42.1331252107326
4,17,30,43.63526857975375
4,17,29,41.1476509219512
4,17,28,31.33912277844851
4,17,27,37.65535927800881
4,17,26,37.02581168629223
4,17,25,34.110775559029946
4,17,24,45.876787852641
4,17,23,31.593876552904923
4,17,22,43.168027715645955
4,17,21,41.720956455478195
4,17,20,35.893447812627784
4,17,19,39.44380807679695
4,17,18,33.49412273407006
4,17,17,35.179354969021745
4,17,16,40.041660681723485
4,17,15,32.16218769762606
4,17,14,39.39843122713069
4,17,13,39.6043396425285
4,17,12,40.19796373923987
4,17,11,43.44814738591977
4,17,10,34.323888633441626
4,17,9,36.32699373054139
4,17,8,43.753273135058805
4,17,7,39.891675339539844
4,17,6,41.478418447944826
4,17,5,43.446726721280015
4,17,4,46.15753191651045
4,17,3,42.66276727020099
4,17,2,44.05858553335408
4,17,1,31.943981875100427
4,17,0,45.4316171706908
4,16,59,82.69208608889129
4,16,58,83.58217782294462
4,16,57,74.6153694904177
4,16,56,71.49883373441678
4,16,55,72.71735396192135
4,16,54,70.75720072366344
4,16,53,79.13901734674887
4,16,52,81.22444704221441
4,16,51,76.68212902132571
4,16,50,80.66189263764284
4,16,49,71.35438393767727
4,16,48,82.16234273831127
4,16,47,79.66024916127355
4,16,46,85.38594322119891
4,16,45,75.05054086056626
4,16,44,72.05404173965968
4,16,43,70.84272728922177
4,16,42,83.7352264988982
4,16,41,76.38973801862856
4,16,40,76.08557392852623
4,16,39,71.50837719081409
4,16,38,82.1691035890443
4,16,37,78.65715034805544
4,16,36,75.45232541819077
4,16,35,84.55244540599837
4,16,34,78.85037567002539
4,16,33,73.58649633914577
4,16,32,78.61792730187565
4,16,31,74.36084535683139
4,16,30,72.71709699138955
4,16,29,74.54440587479455
4,16,28,71.37465395799943
4,16,27,76.12368107141727
4,16,26,82.36459580237671
4,16,25,73.89318854542398
4,16,24,83.00528967810561
4,16,23,75.53054271066455
4,16,22,72.7454765442294
4,16,21,77.51739543304481
4,16,20,78.51844179006646
4,16,19,85.95752021951463
4,16,18,77.44636593938621
4,16,17,84.41783419061221
4,16,16,85.27912984710608
4,16,15,80.7251860367946
4,16,14,74.21969563839504
4,16,13,78.02461376306715
4,16,12,70.70494994207408
4,16,11,84.1218902219984
4,16,10,78.14299829147376
4,16,9,81.12453008962284
4,16,8,72.87051038072387
4,16,7,79.40038416824771
4,16,6,79.92621750617796
4,16,5,81.94260914392461
4,16,4,76.54214204797958
4,16,3,73.63031530589434
4,16,2,71.40940655884165
4,16,1,84.84292374029602
4,16,0,82.26598595732894
4,15,59,78.73480264156673
4,15,58,82.75356649258218
4,15,57,82.19735067521414
4,15,56,74.05555752216969
4,15,55,76.16235758210512
4,15,54,72.87961808431515
4,15,53,74.60645717318565
4,15,52,75.77067390446237
4,15,51,74.31978479626065
4,15,50,84.38714493397563
4,15,49,78.3893441972561
4,15,48,80.53792775227389
4,15,47,70.81121928872675
4,15,46,79.39432451030024
4,15,45,71.58954279871669
4,15,44,82.07328049078674
4,15,43,77.651714492997
4,15,42,77.97446585808284
4,15,41,84.03302548983653
4,15,40,72.79518838674295
4,15,39,79.48530803909566
4,15,38,78.35720956519721
4,15,37,83.21090251825287
4,15,36,83.96449709421955
4,15,35,73.06952363563123
4,15,34,72.4147617171251
4,15,33,73.81108274826455
4,15,32,75.4467833479005
4,15,31,79.23100926928039
4,15,30,75.05870071058139
4,15,29,76.05954458922224
4,15,28,71.09646933347886
4,15,27,84.13311405677796
4,15,26,84.21491856316004
4,15,25,74.90821445467469
4,15,24,73.422385996823
4,15,23,82.51452020951962
4,15,22,73.37777404240812
4,15,21,79.13920698219101
4,15,20,82.01721851406641
4,15,19,78.0868670639332
4,15,18,72.81911956612521
4,15,17,70.58736638602808
4,15,16,70.64574106260993
4,15,15,77.94935473021928
4,15,14,82.49539837771545
4,15,13,73.35361778796481
4,15,12,76.47884660364339
4,15,11,77.86171611871926
4,15,10,77.83238109129042
4,15,9,79.0944741188196
4,15,8,75.97186834996086
4,15,7,75.72531959978795
4,15,6,81.16367011025547
4,15,5,74.46945755351777
4,15,4,77.05188215606186
4,15,3,74.34296631915757
4,15,2,81.5046325574617
4,15,1,70.98353781857023
4,15,0,72.0696235174037
4,14,59,79.2943109618599
4,14,58,76.59481048957082
4,14,57,78.33974676213603
4,14,56,76.87652102694915
4,14,55,78.19289998223667
4,14,54,72.4973975551219
4,14,53,80.2299785114771
4,14,52,71.24427567274815
4,14,51,72.98514015354606
4,14,50,78.95973233060795
4,14,49,83.17328074531069
4,14,48,74.27186030430887
4,14,47,71.6697485790285
4,14,46,73.80578499509159
4,14,45,82.73938648946161
4,14,44,80.30929713949152
4,14,43,75.73811107960867
4,14,42,72.54157429782919
4,14,41,70.45697570254468
4,14,40,73.01279412971206
4,14,39,73.40453814774607
4,14,38,73.8349582843811
4,14,37,77.37982806747844
4,14,36,73.91048683081354
4,14,35,82.69557872372994
4,14,34,79.29379935655341
4,14,33,74.04296757124638
4,14,32,81.9631879032766
4,14,31,76.30485758885763
4,14,30,82.93868395468982
4,14,29,81.75615620525545
4,14,28,73.28610582852025
4,14,27,80.55109537652895
4,14,26,74.89676439884163
4,14,25,75.93117075560966
4,14,24,74.33011428986367
4,14,23,81.92678523254915
4,14,22,70.4506967181249
4,14,21,77.83447672732791
4,14,20,70.39747367671934
4,14,19,83.3206673523853
4,14,18,78.87891808045433
4,14,17,73.74646529336032
4,14,16,80.60382466887623
4,14,15,73.56969753044848
4,14,14,73.34868794307476
4,14,13,76.56917589926707
4,14,12,81.86951794976143
4,14,11,81.73464430256777
4,14,10,71.93777825749639
4,14,9,71.12401589462148
4,14,8,80.56115998987734
4,14,7,79.00816482551042
4,14,6,72.58131463969656
4,14,5,74.34021793401091
4,14,4,82.45336373007356
4,14,3,75.65252503885779
4,14,2,83.86655359139996
4,14,1,78.10701212590816
4,14,0,71.3065053366466
4,13,59,79.55092113932659
4,13,58,79.86504274859456
4,13,57,71.5285055038834
4,13,56,82.10587748167568
4,13,55,70.40390462365077
4,13,54,78.50022403501963
4,13,53,71.81792439399662
4,13,52,75.60813461814978
4,13,51,80.6068851937772
4,13,50,70.497437332811
4,13,49,78.23095285323451
4,13,48,74.12385965342668
4,13,47,75.76015743480887
4,13,46,75.40689674275013
4,13,45,79.20036135032873
4,13,44,76.34755484365841
4,13,43,82.6981260251514
4,13,42,76.43255159981304
4,13,41,74.0119125683923
4,13,40,81.96272480078545
4,13,39,82.58625901709682
4,13,38,79.51166792807346
4,13,37,75.58222033211149
4,13,36,82.92030214809833
4,13,35,82.66870325595777
4,13,34,75.64843755942695
4,13,33,72.31704480835373
4,13,32,70.2259085347052
4,13,31,81.24469390054351
4,13,30,77.76566289856349
4,13,29,75.8776457887304
4,13,28,82.59222235486703
4,13,27,76.99426028569837
4,13,26,75.75925587262256
4,13,25,72.45743629235794
4,13,24,72.66586805043765
4,13,23,70.1014342694251
4,13,22,70.42954446382001
4,13,21,82.11297697667288
4,13,20,78.40139160154214
4,13,19,74.35448156710697
4,13,18,76.98600019510351
4,13,17,74.82145946436242
4,13,16,81.31005139602723
4,13,15,75.71278531494777
4,13,14,81.59980728987989
4,13,13,80.99570834618467
4,13,12,82.44854660082947
4,13,11,76.74140371642667
4,13,10,76.42924707444446
4,13,9,80.96751333724632
4,13,8,72.50035956332127
4,13,7,70.71229641264894
4,13,6,77.53956992286794
4,13,5,81.61764891073693
4,13,4,79.70185190526573
4,13,3,81.86356833642671
4,13,2,71.13574889371101
4,13,1,79.26351385946323
4,13,0,79.69123654777856
4,12,59,74.19718380722803
4,12,58,74.23014362510378
4,12,57,79.09694588206196
4,12,56,71.73282862521111
4,12,55,75.42828545800052
4,12,54,71.06433521690705
4,12,53,77.45938454038374
4,12,52,74.8772662978059
4,12,51,71.96959715675837
4,12,50,77.63032239052632
4,12,49,76.94958763698966
4,12,48,80.27160622609082
4,12,47,79.03163930431307
4,12,46,75.69502963188364
4,12,45,73.17932556853377
4,12,44,77.54858842764023
4,12,43,79.75471919913322
4,12,42,74.5780985858145
4,12,41,77.29867603220575
4,12,40,78.03328580512203
4,12,39,73.68680851897174
4,12,38,72.50185678454139
4,12,37,76.49422154581382
4,12,36,71.62727750616567
4,12,35,77.27477900768285
4,12,34,75.88585220673818
4,12,33,77.62956822597393
4,12,32,71.58424275216183
4,12,31,78.43797626620983
4,12,30,80.63732792745891
4,12,29,79.8425874915502
4,12,28,70.80022008849264
4,12,27,79.91870275166289
4,12,26,71.34581749270407
4,12,25,80.2166491085702
4,12,24,75.35677149963864
4,12,23,79.14834321079655
4,12,22,75.22751132863596
4,12,21,77.24478971402033
4,12,20,80.3962757347721
4,12,19,77.4932609864515
4,12,18,80.45567475818055
4,12,17,72.87857947707693
4,12,16,80.95423932987332
4,12,15,71.14891961368238
4,12,14,80.47825672352727
4,12,13,81.06114519920149
4,12,12,76.05251069845163
4,12,11,75.67755152486383
4,12,10,81.47868154192271
4,12,9,75.9127513552501
4,12,8,70.17901312116446
4,12,7,75.97571377725097
4,12,6,70.34205915221091
4,12,5,79.89681835066885
4,12,4,81.9652217423343
4,12,3,79.04054315442572
4,12,2,70.4134595637214
4,12,1,81.62509154549252
4,12,0,79.69041096754657
4,11,59,72.96533951329505
4,11,58,73.46747745106038
4,11,57,71.95321723554615
4,11,56,76.26163216052129
4,11,55,80.65016582765764
4,11,54,79.54153207013934
4,11,53,75.57183531398637
4,11,52,77.40488828179811
4,11,51,80.6956646442629
4,11,50,73.11843534350885
4,11,49,70.38332822473592
4,11,48,73.00408754629893
4,11,47,77.10167637638767
4,11,46,74.34308367604972
4,11,45,78.14578213486578
4,11,44,74.53718333252411
4,11,43,73.41488959634806
4,11,42,70.41158925653036
4,11,41,79.77969203956052
4,11,40,70.82199788005732
4,11,39,79.87115416572685
4,11,38,74.56052445570934
4,11,37,72.38647555126198
4,11,36,77.68377702159452
4,11,35,80.86360244866283
4,11,34,76.71421375917326
4,11,33,72.86395256064597
4,11,32,79.8998649434494
4,11,31,78.84336000290975
4,11,30,78.51974929575067
4,11,29,77.84274782894988
4,11,28,80.3227699134591
4,11,27,72.95255141743499
4,11,26,75.20176299217778
4,11,25,78.64348131461371
4,11,24,71.69798559666971
4,11,23,70.25216508692127
4,11,22,77.29676304389695
4,11,21,80.48857471576184
4,11,20,71.36361791371193
4,11,19,80.73086807881803
4,11,18,73.89236659036521
4,11,17,77.99951906513125
4,11,16,80.71416565362796
4,11,15,79.98736991807256
4,11,14,73.96553034433782
4,11,13,78.84428686307751
4,11,12,73.31341905842694
4,11,11,77.42409686676812
4,11,10,70.50653240859914
4,11,9,73.98565017678354
4,11,8,77.96011470999902
4,11,7,78.59930351718359
4,11,6,80.38316678290954
4,11,5,75.40359012702798
4,11,4,71.61185097896774
4,11,3,70.26697049319115
4,11,2,80.4428958358481
4,11,1,78.32620761886034
4,11,0,75.57595018035524
4,10,59,75.64080577351697
4,10,58,75.77463359479094
4,10,57,73.29657553832863
4,10,56,72.69352403360386
4,10,55,70.10665464971345
4,10,54,75.83350259878243
4,10,53,72.81728290715405
4,10,52,72.67552929772344
4,10,51,72.66760914406852
4,10,50,77.09332239124527
4,10,49,70.0189418816514
4,10,48,70.11917196073358
4,10,47,73.88601423588534
4,10,46,74.65938630640812
4,10,45,70.6827944703241
4,10,44,71.84774146794962
4,10,43,75.81026212782155
4,10,42,71.54437534995213
4,10,41,78.4627286602494
4,10,40,72.01338871282019
4,10,39,70.44205013004802
4,10,38,73.53184621628773
4,10,37,71.86092256983969
4,10,36,73.96111828827068
4,10,35,74.68542638432736
4,10,34,78.34351221954844
4,10,33,73.84187980782039
4,10,32,78.46623347399368
4,10,31,76.2413967053061
4,10,30,74.23482851026395
4,10,29,79.42970539068165
4,10,28,74.15191446106083
4,10,27,70.30754333268914
4,10,26,77.73551405071312
4,10,25,75.31603025326585
4,10,24,73.69853043299403
4,10,23,77.14949943054451
4,10,22,70.27068903010533
4,10,21,76.89381241030692
4,10,20,73.5295359867594
4,10,19,78.44373448483401
4,10,18,78.72368347859984
4,10,17,78.39981208167218
4,10,16,71.65014278450391
4,10,15,79.11835504869097
4,10,14,76.21617231697286
4,10,13,71.79906314020234
4,10,12,79.45465398179675
4,10,11,76.01262272425701
4,10,10,71.3464250503154
4,10,9,76.11134870802698
4,10,8,75.96775588547298
4,10,7,71.11957355659999
4,10,6,75.57505871929385
4,10,5,70.87123686959774
4,10,4,75.03259409897561
4,10,3,77.74262088965469
4,10,2,75.47019716360863
4,10,1,71.74792830939917
4,10,0,70.03682260967574
4,9,59,75.9660152612287
4,9,58,76.60729405830749
4,9,57,75.54694399641721
4,9,56,75.06056595091181
4,9,55,73.16007290918736
4,9,54,75.20527126531987
4,9,53,77.90090071105455
4,9,52,70.65561662538677
4,9,51,75.99381453536184
4,9,50,70.83520199446318
4,9,49,75.96455101814186
4,9,48,71.54806921613063
4,9,47,75.88953315873184
4,9,46,71.42164714225235
4,9,45,71.07837126316502
4,9,44,78.79693880766106
4,9,43,72.61238695257815
4,9,42,77.2902368915814
4,9,41,73.57516027207666
4,9,40,70.23892568283947
4,9,39,72.38621035016672
4,9,38,75.4539712826888
4,9,37,73.74830173440198
4,9,36,74.08824106273049
4,9,35,77.33725293235358
4,9,34,75.29708704168578
4,9,33,70.28777373109207
4,9,32,74.82901313279535
4,9,31,78.5777031798271
4,9,30,75.07572223017729
4,9,29,73.47509221425587
4,9,28,76.06870742059218
4,9,27,73.00819329734786
4,9,26,73.44297745010202
4,9,25,76.79282648423808
4,9,24,71.95799330557077
4,9,23,70.25191707990383
4,9,22,78.86265275848805
4,9,21,70.23552480097204
4,9,20,71.04430751787785
4,9,19,75.02828913103762
4,9,18,73.16614792836981
4,9,17,78.89087647963649
4,9,16,70.28942953839018
4,9,15,72.29682555628915
4,9,14,70.6699232478684
4,9,13,76.01667557757925
4,9,12,72.37925168558213
4,9,11,78.9427501100318
4,9,10,78.47257606495307
4,9,9,73.39504977675224
4,9,8,76.89010436567317
4,9,7,75.39778372549776
4,9,6,76.78875896444755
4,9,5,76.9086837639958
4,9,4,75.48572136698951
4,9,3,75.54272898865445
4,9,2,71.34592757922634
4,9,1,72.7414120600849
4,9,0,78.1550186021884
4,8,59,12.354795505027635
4,8,58,12.51302150017216
4,8,57,8.90402366195232
4,8,56,7.8117919561995155
4,8,55,13.114072288327517
4,8,54,14.428177849758162
4,8,53,8.887531872132037
4,8,52,11.574839768827808
4,8,51,13.813267409242258
4,8,50,10.944529279546824
4,8,49,12.91869015732642
4,8,48,8.207447379210581
4,8,47,8.187535620066193
4,8,46,9.006880565298804
4,8,45,13.669750086217473
4,8,44,12.133689308766648
4,8,43,9.32380495593819
4,8,42,9.452570281715882
4,8,41,12.191832840392411
4,8,40,13.68416758591426
4,8,39,8.451876109923356
4,8,38,10.327260562569652
4,8,37,8.474133576399204
4,8,36,11.899784795380072
4,8,35,10.710497189865212
4,8,34,9.482473947715924
4,8,33,9.880736951072407
4,8,32,12.363454856880754
4,8,31,9.46534009291933
4,8,30,10.661960906509558
4,8,29,10.106012522151396
4,8,28,10.842574328610826
4,8,27,13.830786477692664
4,8,26,11.310018619651494
4,8,25,8.647102371048826
4,8,24,10.349202150496613
4,8,23,7.716240622998919
4,8,22,10.79101012176747
4,8,21,8.217451613052168
4,8,20,11.529002838346575
4,8,19,7.566079374930898
4,8,18,9.009820210579896
4,8,17,9.112792627731105
4,8,16,8.30475382710378
4,8,15,12.02577671323548
4,8,14,9.162463258288268
4,8,13,8.650512527958018
4,8,12,7.879866895964836
4,8,11,9.83712203338019
4,8,10,10.86536439612987
4,8,9,13.186477978765677
4,8,8,12.122470946904345
4,8,7,14.295028915162145
4,8,6,13.452027716513133
4,8,5,14.421504930779744
4,8,4,14.735445069510789
4,8,3,9.901934609682357
4,8,2,13.862673275960113
4,8,1,7.977124550004377
4,8,0,7.4702374020238755
4,7,59,12.223159636708786
4,7,58,11.87907664737926
4,7,57,7.186943627401404
4,7,56,11.99868602845198
4,7,55,9.292618466165473
4,7,54,10.880534783535756
4,7,53,10.366978957354295
4,7,52,7.232020513425018
4,7,51,8.988216552127025
4,7,50,7.442110095581928
4,7,49,10.213875270503042
4,7,48,8.133472469796066
4,7,47,10.989495321417234
4,7,46,9.67061785064569
4,7,45,9.89072727840493
4,7,44,8.745894544847289
